Time,Channel A,Channel B
(s),(V),(V)

0.00000000,-0.11468860,0.47077850
0.00333400,-0.12350840,0.46189760
0.00666800,-0.13232830,0.45298620
0.01000200,-0.14117860,0.45298620
0.01333600,-0.14999850,0.43519400
0.01667000,-0.13232830,0.45298620
0.02000400,-0.13232830,0.45298620
0.02333800,-0.12350840,0.46189760
0.02667200,-0.16763820,0.41743220
0.03000600,-0.14999850,0.43519400
0.03334000,-0.13232830,0.46189760
0.03667400,-0.14117860,0.44410540
0.04000800,-0.13232830,0.45298620
0.04334200,-0.12350840,0.45298620
0.04667600,-0.14117860,0.44410540
0.05001000,-0.14999850,0.43519400
0.05334400,-0.14117860,0.44410540
0.05667800,-0.15881830,0.41743220
0.06001200,-0.13232830,0.46189760
0.06334600,-0.12350840,0.46189760
0.06668000,-0.13232830,0.46189760
0.07001400,-0.14117860,0.44410540
0.07334800,-0.14999850,0.43519400
0.07668200,-0.15881830,0.43519400
0.08001600,-0.13232830,0.46189760
0.08335000,-0.13232830,0.45298620
0.08668400,-0.14117860,0.44410540
0.09001800,-0.14999850,0.43519400
0.09335200,-0.14117860,0.44410540
0.09668600,-0.13232830,0.46189760
0.10002000,-0.13232830,0.46189760
0.10335400,-0.12350840,0.47077850
0.10668800,-0.14999850,0.42631310
0.11002200,-0.14117860,0.45298620
0.11335600,-0.14117860,0.44410540
0.11669000,-0.14117860,0.45298620
0.12002400,-0.12350840,0.46189760
0.12335800,-0.13232830,0.46189760
0.12669200,-0.14117860,0.45298620
0.13002600,-0.14117860,0.45298620
0.13336000,-0.13232830,0.45298620
0.13669400,-0.14999850,0.42631310
0.14002800,-0.11468860,0.47077850
0.14336200,-0.12350840,0.46189760
0.14669600,-0.12350840,0.46189760
0.15003000,-0.14117860,0.44410540
0.15336400,-0.13232830,0.45298620
0.15669800,-0.13232830,0.45298620
0.16003200,-0.12350840,0.46189760
0.16336600,-0.10586870,0.47077850
0.16670000,-0.14117860,0.44410540
0.17003400,-0.14117860,0.44410540
0.17336800,-0.14117860,0.43519400
0.17670200,-0.12350840,0.46189760
0.18003600,-0.11468860,0.46189760
0.18337000,-0.10586870,0.47077850
0.18670400,-0.11468860,0.47077850
0.19003800,-0.12350840,0.46189760
0.19337200,-0.15881830,0.41743220
0.19670600,-0.12350840,0.45298620
0.20004000,-0.11468860,0.47077850
0.20337400,-0.12350840,0.46189760
0.20670800,-0.14117860,0.43519400
0.21004200,-0.14117860,0.43519400
0.21337600,-0.11468860,0.47077850
0.21671000,-0.14117860,0.43519400
0.22004400,-0.11468860,0.47077850
0.22337800,-0.10586870,0.47077850
0.22671200,-0.10586870,0.47965940
0.23004600,-0.13232830,0.44410540
0.23338000,-0.11468860,0.46189760
0.23671400,-0.10586870,0.47077850
0.24004800,-0.11468860,0.46189760
0.24338200,-0.08822901,0.48857080
0.24671600,-0.12350840,0.45298620
0.25005000,-0.11468860,0.46189760
0.25338400,-0.14117860,0.43519400
0.25671800,-0.09704886,0.48857080
0.26005200,-0.11468860,0.46189760
0.26338600,-0.10586870,0.47965940
0.26672000,-0.10586870,0.47077850
0.27005400,-0.13232830,0.44410540
0.27338800,-0.11468860,0.46189760
0.27672200,-0.12350840,0.44410540
0.28005600,-0.09704886,0.47965940
0.28339000,-0.11468860,0.46189760
0.28672400,-0.11468860,0.45298620
0.29005800,-0.11468860,0.45298620
0.29339200,-0.12350840,0.45298620
0.29672600,-0.09704886,0.47077850
0.30006000,-0.09704886,0.47077850
0.30339400,-0.09704886,0.47077850
0.30672800,-0.08822901,0.47965940
0.31006200,-0.11468860,0.46189760
0.31339600,-0.11468860,0.45298620
0.31673000,-0.10586870,0.46189760
0.32006400,-0.08822901,0.47965940
0.32339800,-0.09704886,0.47077850
0.32673200,-0.11468860,0.43519400
0.33006600,-0.10586870,0.46189760
0.33340000,-0.09704886,0.47077850
0.33673400,-0.10586870,0.45298620
0.34006800,-0.08822901,0.47077850
0.34340200,-0.08822901,0.47965940
0.34673600,-0.07940916,0.47965940
0.35007000,-0.11468860,0.44410540
0.35340400,-0.08822901,0.47077850
0.35673800,-0.09704886,0.47077850
0.36007200,-0.08822901,0.47077850
0.36340600,-0.07058931,0.48857080
0.36674000,-0.07940916,0.48857080
0.37007400,-0.09704886,0.46189760
0.37340800,-0.10586870,0.45298620
0.37674200,-0.07058931,0.48857080
0.38007600,-0.07940916,0.47077850
0.38341000,-0.07940916,0.47077850
0.38674400,-0.08822901,0.46189760
0.39007800,-0.08822901,0.46189760
0.39341200,-0.08822901,0.45298620
0.39674600,-0.07940916,0.47077850
0.40008000,-0.07058931,0.47077850
0.40341400,-0.08822901,0.45298620
0.40674800,-0.08822901,0.45298620
0.41008200,-0.07058931,0.47965940
0.41341600,-0.08822901,0.46189760
0.41675000,-0.08822901,0.44410540
0.42008400,-0.06173895,0.47965940
0.42341800,-0.07058931,0.47077850
0.42675200,-0.07940916,0.46189760
0.43008600,-0.07940916,0.46189760
0.43342000,-0.09704886,0.44410540
0.43675400,-0.08822901,0.44410540
0.44008800,-0.05291910,0.47965940
0.44342200,-0.04409925,0.49745170
0.44675600,-0.06173895,0.47077850
0.45009000,-0.07940916,0.45298620
0.45342400,-0.05291910,0.47965940
0.45675800,-0.05291910,0.48857080
0.46009200,-0.06173895,0.47077850
0.46342600,-0.06173895,0.47077850
0.46676000,-0.05291910,0.47965940
0.47009400,-0.07058931,0.46189760
0.47342800,-0.07058931,0.46189760
0.47676200,-0.07058931,0.46189760
0.48009600,-0.05291910,0.47077850
0.48343000,-0.05291910,0.47077850
0.48676400,-0.07058931,0.45298620
0.49009800,-0.07058931,0.45298620
0.49343200,-0.06173895,0.46189760
0.49676600,-0.07058931,0.46189760
0.50010000,-0.05291910,0.47077850
0.50343400,-0.04409925,0.47077850
0.50676800,-0.06173895,0.45298620
0.51010200,-0.05291910,0.46189760
0.51343600,-0.05291910,0.46189760
0.51677000,-0.04409925,0.47077850
0.52010400,-0.04409925,0.47965940
0.52343800,-0.04409925,0.47965940
0.52677200,-0.03527940,0.48857080
0.53010600,-0.04409925,0.47077850
0.53344000,-0.06173895,0.44410540
0.53677400,-0.04409925,0.47077850
0.54010800,-0.03527940,0.47077850
0.54344200,-0.03527940,0.47077850
0.54677600,-0.07058931,0.43519400
0.55011000,-0.05291910,0.45298620
0.55344400,-0.05291910,0.46189760
0.55677800,-0.03527940,0.46189760
0.56011200,-0.03527940,0.47077850
0.56344600,-0.03527940,0.47077850
0.56678000,-0.00881985,0.49745170
0.57011400,-0.05291910,0.45298620
0.57344800,-0.04409925,0.45298620
0.57678200,-0.02645955,0.47965940
0.58011600,-0.02645955,0.47077850
0.58345000,-0.03527940,0.46189760
0.58678400,-0.03527940,0.46189760
0.59011800,-0.04409925,0.45298620
0.59345200,-0.05291910,0.43519400
0.59678600,-0.03527940,0.46189760
0.60012000,-0.01763970,0.47965940
0.60345400,-0.01763970,0.47077850
0.60678800,-0.01763970,0.47077850
0.61012200,-0.03527940,0.45298620
0.61345600,-0.04409925,0.44410540
0.61679000,-0.03527940,0.46189760
0.62012400,-0.01763970,0.47077850
0.62345800,-0.00881985,0.47965940
0.62679200,-0.01763970,0.46189760
0.63012600,-0.01763970,0.46189760
0.63346000,-0.01763970,0.47077850
0.63679400,0.00000000,0.47965940
0.64012800,-0.00881985,0.47077850
0.64346200,-0.00881985,0.47077850
0.64679600,-0.01763970,0.46189760
0.65013000,-0.00881985,0.47077850
0.65346400,-0.02645955,0.46189760
0.65679800,-0.00881985,0.46189760
0.66013200,0.00000000,0.47965940
0.66346600,0.00881985,0.47965940
0.66680000,0.00881985,0.49745170
0.67013400,-0.01763970,0.45298620
0.67346800,-0.01763970,0.45298620
0.67680200,0.00000000,0.47077850
0.68013600,-0.00881985,0.46189760
0.68347000,0.00000000,0.47077850
0.68680400,0.00000000,0.46189760
0.69013800,-0.00881985,0.45298620
0.69347200,0.00000000,0.47077850
0.69680600,0.02645955,0.49745170
0.70014000,0.02645955,0.48857080
0.70347400,0.02645955,0.47965940
0.70680800,0.00881985,0.47077850
0.71014200,0.00881985,0.47077850
0.71347600,-0.00881985,0.44410540
0.71681000,0.00000000,0.46189760
0.72014400,0.01763970,0.47965940
0.72347800,0.00000000,0.46189760
0.72681200,0.01763970,0.47965940
0.73014600,0.00000000,0.44410540
0.73348000,0.01763970,0.46189760
0.73681400,0.00881985,0.46189760
0.74014800,0.00881985,0.46189760
0.74348200,0.00000000,0.45298620
0.74681600,0.01763970,0.47077850
0.75015000,0.00000000,0.45298620
0.75348400,0.02645955,0.47965940
0.75681800,0.03527940,0.48857080
0.76015200,0.02645955,0.47077850
0.76348600,0.02645955,0.47077850
0.76682000,0.01763970,0.46189760
0.77015400,0.00000000,0.43519400
0.77348800,0.01763970,0.47077850
0.77682200,0.01763970,0.45298620
0.78015600,0.03527940,0.47077850
0.78349000,0.02645955,0.46189760
0.78682400,0.02645955,0.47077850
0.79015800,0.00881985,0.44410540
0.79349200,0.02645955,0.46189760
0.79682600,0.01763970,0.45298620
0.80016000,0.03527940,0.47077850
0.80349400,0.02645955,0.45298620
0.80682800,0.02645955,0.45298620
0.81016200,0.02645955,0.46189760
0.81349600,0.03527940,0.46189760
0.81683000,0.04409925,0.47965940
0.82016400,0.04409925,0.47077850
0.82349800,0.03527940,0.46189760
0.82683200,0.02645955,0.43519400
0.83016600,0.02645955,0.44410540
0.83350000,0.04409925,0.46189760
0.83683400,0.03527940,0.45298620
0.84016800,0.05291910,0.47077850
0.84350200,0.05291910,0.47077850
0.84683600,0.05291910,0.46189760
0.85017000,0.03527940,0.44410540
0.85350400,0.06173895,0.47077850
0.85683800,0.03527940,0.44410540
0.86017200,0.06173895,0.47077850
0.86350600,0.07058931,0.48857080
0.86684000,0.05291910,0.46189760
0.87017400,0.05291910,0.46189760
0.87350800,0.05291910,0.45298620
0.87684200,0.08822901,0.49745170
0.88017600,0.06173895,0.46189760
0.88351000,0.07058931,0.47077850
0.88684400,0.05291910,0.46189760
0.89017800,0.04409925,0.45298620
0.89351200,0.05291910,0.46189760
0.89684600,0.05291910,0.45298620
0.90018000,0.07058931,0.47077850
0.90351400,0.05291910,0.45298620
0.90684800,0.07058931,0.47965940
0.91018200,0.05291910,0.45298620
0.91351600,0.06173895,0.47077850
0.91685000,0.06173895,0.47077850
0.92018400,0.07058931,0.47077850
0.92351800,0.07058931,0.47077850
0.92685200,0.05291910,0.44410540
0.93018600,0.07058931,0.47965940
0.93352000,0.05291910,0.45298620
0.93685400,0.07058931,0.47077850
0.94018800,0.07940916,0.47077850
0.94352200,0.07058931,0.47077850
0.94685600,0.06173895,0.46189760
0.95019000,0.06173895,0.45298620
0.95352400,0.05291910,0.43519400
0.95685800,0.05291910,0.43519400
0.96019200,0.08822901,0.47965940
0.96352600,0.09704886,0.49745170
0.96686000,0.07940916,0.47077850
0.97019400,0.05291910,0.44410540
0.97352800,0.06173895,0.45298620
0.97686200,0.07940916,0.47077850
0.98019600,0.08822901,0.47965940
0.98353000,0.07940916,0.47077850
0.98686400,0.07058931,0.45298620
0.99019800,0.06173895,0.45298620
0.99353200,0.06173895,0.45298620
0.99686600,0.07940916,0.47077850
1.00020000,0.08822901,0.47077850
1.00353400,0.07940916,0.47077850
1.00686800,0.08822901,0.47077850
1.01020200,0.08822901,0.47077850
1.01353600,0.07058931,0.45298620
1.01687000,0.07058931,0.46189760
1.02020400,0.09704886,0.48857080
1.02353800,0.08822901,0.47077850
1.02687200,0.05291910,0.43519400
1.03020600,0.07058931,0.45298620
1.03354000,0.06173895,0.43519400
1.03687400,0.07058931,0.45298620
1.04020800,0.08822901,0.47077850
1.04354200,0.10586870,0.49745170
1.04687600,0.07940916,0.47077850
1.05021000,0.06173895,0.44410540
1.05354400,0.06173895,0.44410540
1.05687800,0.08822901,0.47077850
1.06021200,0.08822901,0.47077850
1.06354600,0.07058931,0.46189760
1.06688000,0.07058931,0.45298620
1.07021400,0.06173895,0.44410540
1.07354800,0.06173895,0.44410540
1.07688200,0.05291910,0.43519400
1.08021600,0.07940916,0.46189760
1.08355000,0.08822901,0.47965940
1.08688400,0.07058931,0.46189760
1.09021800,0.05291910,0.44410540
1.09355200,0.05291910,0.45298620
1.09688600,0.07058931,0.46189760
1.10022000,0.07940916,0.47077850
1.10355400,0.07940916,0.47077850
1.10688800,0.05291910,0.44410540
1.11022200,0.05291910,0.44410540
1.11355600,0.05291910,0.44410540
1.11689000,0.05291910,0.44410540
1.12022400,0.05291910,0.45298620
1.12355800,0.07940916,0.47077850
1.12689200,0.06173895,0.46189760
1.13022600,0.05291910,0.43519400
1.13356000,0.05291910,0.45298620
1.13689400,0.07058931,0.47077850
1.14022800,0.07058931,0.47077850
1.14356200,0.06173895,0.45298620
1.14689600,0.04409925,0.44410540
1.15023000,0.05291910,0.44410540
1.15356400,0.04409925,0.44410540
1.15689800,0.05291910,0.44410540
1.16023200,0.07058931,0.46189760
1.16356600,0.07940916,0.47965940
1.16690000,0.07940916,0.47965940
1.17023400,0.05291910,0.45298620
1.17356800,0.02645955,0.42631310
1.17690200,0.07058931,0.47965940
1.18023600,0.06173895,0.46189760
1.18357000,0.06173895,0.47077850
1.18690400,0.05291910,0.45298620
1.19023800,0.05291910,0.45298620
1.19357200,0.02645955,0.43519400
1.19690600,0.05291910,0.46189760
1.20024000,0.06173895,0.46189760
1.20357400,0.07058931,0.47965940
1.20690800,0.06173895,0.46189760
1.21024200,0.05291910,0.45298620
1.21357600,0.01763970,0.40852080
1.21691000,0.03527940,0.43519400
1.22024400,0.06173895,0.46189760
1.22357800,0.06173895,0.47965940
1.22691200,0.02645955,0.43519400
1.23024600,0.03527940,0.45298620
1.23358000,0.04409925,0.45298620
1.23691400,0.05291910,0.46189760
1.24024800,0.05291910,0.47077850
1.24358200,0.05291910,0.45298620
1.24691600,0.05291910,0.46189760
1.25025000,0.02645955,0.44410540
1.25358400,0.03527940,0.45298620
1.25691800,0.03527940,0.43519400
1.26025200,0.03527940,0.45298620
1.26358600,0.03527940,0.46189760
1.26692000,0.04409925,0.47077850
1.27025400,0.02645955,0.44410540
1.27358800,0.01763970,0.43519400
1.27692200,0.04409925,0.47965940
1.28025600,0.03527940,0.47077850
1.28359000,0.04409925,0.46189760
1.28692400,0.01763970,0.43519400
1.29025800,0.01763970,0.45298620
1.29359200,0.00881985,0.43519400
1.29692600,0.00000000,0.42631310
1.30026000,0.02645955,0.46189760
1.30359400,0.03527940,0.47077850
1.30692800,0.03527940,0.46189760
1.31026200,0.00881985,0.44410540
1.31359600,0.01763970,0.44410540
1.31693000,0.01763970,0.46189760
1.32026400,0.01763970,0.46189760
1.32359800,0.03527940,0.47077850
1.32693200,0.00000000,0.44410540
1.33026600,0.00000000,0.43519400
1.33360000,0.00881985,0.45298620
1.33693400,0.01763970,0.45298620
1.34026800,0.01763970,0.46189760
1.34360200,0.02645955,0.47077850
1.34693600,0.01763970,0.47077850
1.35027000,0.00000000,0.45298620
1.35360400,-0.01763970,0.43519400
1.35693800,0.00881985,0.45298620
1.36027200,0.00881985,0.45298620
1.36360600,0.01763970,0.46189760
1.36694000,-0.00881985,0.43519400
1.37027400,0.00881985,0.46189760
1.37360800,0.00000000,0.43519400
1.37694200,0.00000000,0.45298620
1.38027600,0.01763970,0.47077850
1.38361000,0.00881985,0.45298620
1.38694400,0.00000000,0.45298620
1.39027800,-0.01763970,0.43519400
1.39361200,-0.01763970,0.42631310
1.39694600,0.00000000,0.44410540
1.40028000,0.01763970,0.47077850
1.40361400,0.00000000,0.46189760
1.40694800,0.00000000,0.44410540
1.41028200,-0.01763970,0.44410540
1.41361600,-0.03527940,0.42631310
1.41695000,0.01763970,0.47965940
1.42028400,0.00000000,0.46189760
1.42361800,0.00000000,0.45298620
1.42695200,-0.00881985,0.47077850
1.43028600,-0.02645955,0.43519400
1.43362000,-0.01763970,0.44410540
1.43695400,-0.03527940,0.43519400
1.44028800,0.00000000,0.46189760
1.44362200,0.00000000,0.47077850
1.44695600,-0.02645955,0.44410540
1.45029000,-0.03527940,0.43519400
1.45362400,-0.03527940,0.43519400
1.45695800,-0.00881985,0.46189760
1.46029200,-0.00881985,0.45298620
1.46362600,-0.00881985,0.46189760
1.46696000,-0.00881985,0.47077850
1.47029400,-0.04409925,0.43519400
1.47362800,-0.06173895,0.40852080
1.47696200,-0.01763970,0.45298620
1.48029600,-0.01763970,0.46189760
1.48363000,-0.03527940,0.44410540
1.48696400,-0.00881985,0.46189760
1.49029800,-0.03527940,0.45298620
1.49363200,-0.04409925,0.43519400
1.49696600,-0.01763970,0.47077850
1.50030000,-0.02645955,0.45298620
1.50363400,-0.03527940,0.45298620
1.50696800,-0.04409925,0.43519400
1.51030200,-0.04409925,0.44410540
1.51363600,-0.04409925,0.44410540
1.51697000,-0.04409925,0.44410540
1.52030400,-0.03527940,0.46189760
1.52363800,-0.02645955,0.46189760
1.52697200,-0.03527940,0.46189760
1.53030600,-0.04409925,0.43519400
1.53364000,-0.04409925,0.44410540
1.53697400,-0.05291910,0.43519400
1.54030800,-0.03527940,0.45298620
1.54364200,-0.03527940,0.46189760
1.54697600,-0.04409925,0.45298620
1.55031000,-0.06173895,0.42631310
1.55364400,-0.07058931,0.42631310
1.55697800,-0.05291910,0.45298620
1.56031200,-0.04409925,0.46189760
1.56364600,-0.06173895,0.43519400
1.56698000,-0.07058931,0.42631310
1.57031400,-0.07058931,0.42631310
1.57364800,-0.05291910,0.44410540
1.57698200,-0.05291910,0.45298620
1.58031600,-0.05291910,0.45298620
1.58365000,-0.04409925,0.46189760
1.58698400,-0.07058931,0.43519400
1.59031800,-0.07940916,0.41743220
1.59365200,-0.07058931,0.44410540
1.59698600,-0.07940916,0.43519400
1.60032000,-0.05291910,0.45298620
1.60365400,-0.06173895,0.45298620
1.60698800,-0.05291910,0.46189760
1.61032200,-0.07058931,0.45298620
1.61365600,-0.06173895,0.44410540
1.61699000,-0.07940916,0.43519400
1.62032400,-0.06173895,0.45298620
1.62365800,-0.05291910,0.46189760
1.62699200,-0.05291910,0.47077850
1.63032600,-0.07058931,0.44410540
1.63366000,-0.08822901,0.43519400
1.63699400,-0.07058931,0.44410540
1.64032800,-0.06173895,0.46189760
1.64366200,-0.05291910,0.47077850
1.64699600,-0.05291910,0.47077850
1.65033000,-0.07940916,0.44410540
1.65366400,-0.09704886,0.41743220
1.65699800,-0.08822901,0.42631310
1.66033200,-0.07058931,0.46189760
1.66366600,-0.07058931,0.46189760
1.66700000,-0.07058931,0.46189760
1.67033400,-0.07058931,0.46189760
1.67366800,-0.08822901,0.43519400
1.67700200,-0.07940916,0.44410540
1.68033600,-0.07058931,0.46189760
1.68367000,-0.07940916,0.45298620
1.68700400,-0.09704886,0.42631310
1.69033800,-0.10586870,0.42631310
1.69367200,-0.07940916,0.45298620
1.69700600,-0.07058931,0.46189760
1.70034000,-0.07940916,0.45298620
1.70367400,-0.07940916,0.46189760
1.70700800,-0.08822901,0.43519400
1.71034200,-0.09704886,0.44410540
1.71367600,-0.13232830,0.40852080
1.71701000,-0.10586870,0.43519400
1.72034400,-0.07940916,0.46189760
1.72367800,-0.07940916,0.46189760
1.72701200,-0.08822901,0.45298620
1.73034600,-0.10586870,0.43519400
1.73368000,-0.07940916,0.46189760
1.73701400,-0.07940916,0.46189760
1.74034800,-0.08822901,0.45298620
1.74368200,-0.09704886,0.45298620
1.74701600,-0.08822901,0.46189760
1.75035000,-0.10586870,0.43519400
1.75368400,-0.10586870,0.43519400
1.75701800,-0.10586870,0.44410540
1.76035200,-0.07940916,0.47077850
1.76368600,-0.08822901,0.46189760
1.76702000,-0.12350840,0.42631310
1.77035400,-0.10586870,0.45298620
1.77368800,-0.12350840,0.42631310
1.77702200,-0.08822901,0.47077850
1.78035600,-0.09704886,0.46189760
1.78369000,-0.10586870,0.46189760
1.78702400,-0.09704886,0.47077850
1.79035800,-0.12350840,0.43519400
1.79369200,-0.10586870,0.45298620
1.79702600,-0.10586870,0.44410540
1.80036000,-0.10586870,0.45298620
1.80369400,-0.10586870,0.45298620
1.80702800,-0.12350840,0.43519400
1.81036200,-0.11468860,0.45298620
1.81369600,-0.10586870,0.46189760
1.81703000,-0.12350840,0.43519400
1.82036400,-0.11468860,0.45298620
1.82369800,-0.08822901,0.47077850
1.82703200,-0.11468860,0.44410540
1.83036600,-0.12350840,0.43519400
1.83370000,-0.11468860,0.44410540
1.83703400,-0.11468860,0.46189760
1.84036800,-0.10586870,0.46189760
1.84370200,-0.09704886,0.47965940
1.84703600,-0.10586870,0.47077850
1.85037000,-0.13232830,0.43519400
1.85370400,-0.14117860,0.43519400
1.85703800,-0.13232830,0.44410540
1.86037200,-0.10586870,0.46189760
1.86370600,-0.12350840,0.45298620
1.86704000,-0.13232830,0.43519400
1.87037400,-0.12350840,0.45298620
1.87370800,-0.13232830,0.44410540
1.87704200,-0.12350840,0.45298620
1.88037600,-0.10586870,0.47077850
1.88371000,-0.11468860,0.46189760
1.88704400,-0.14117860,0.44410540
1.89037800,-0.14117860,0.44410540
1.89371200,-0.14999850,0.42631310
1.89704600,-0.11468860,0.47077850
1.90038000,-0.11468860,0.47077850
1.90371400,-0.13232830,0.44410540
1.90704800,-0.12350840,0.46189760
1.91038200,-0.14117860,0.44410540
1.91371600,-0.14999850,0.43519400
1.91705000,-0.14117860,0.44410540
1.92038400,-0.13232830,0.45298620
1.92371800,-0.12350840,0.47077850
1.92705200,-0.12350840,0.46189760
1.93038600,-0.14117860,0.44410540
1.93372000,-0.13232830,0.45298620
1.93705400,-0.13232830,0.45298620
1.94038800,-0.12350840,0.47077850
1.94372200,-0.12350840,0.46189760
1.94705600,-0.13232830,0.45298620
1.95039000,-0.14999850,0.43519400
1.95372400,-0.15881830,0.42631310
1.95705800,-0.14117860,0.45298620
1.96039200,-0.12350840,0.47077850
1.96372600,-0.12350840,0.46189760
1.96706000,-0.14117860,0.44410540
1.97039400,-0.14117860,0.46189760
1.97372800,-0.14999850,0.43519400
1.97706200,-0.14117860,0.43519400
1.98039600,-0.13232830,0.46189760
1.98373000,-0.14117860,0.46189760
1.98706400,-0.13232830,0.46189760
1.99039800,-0.14999850,0.43519400
1.99373200,-0.14117860,0.44410540
1.99706600,-0.13232830,0.46189760
2.00040000,-0.12350840,0.47077850
2.00373400,-0.14117860,0.46189760
2.00706800,-0.11468860,0.47965940
2.01040200,-0.14117860,0.46189760
2.01373600,-0.14999850,0.44410540
2.01707000,-0.10586870,0.48857080
2.02040400,-0.13232830,0.46189760
2.02373800,-0.12350840,0.47077850
2.02707200,-0.11468860,0.47965940
2.03040600,-0.14999850,0.44410540
2.03374000,-0.16763820,0.42631310
2.03707400,-0.12350840,0.47077850
2.04040801,-0.13232830,0.46189760
2.04374201,-0.14999850,0.44410540
2.04707601,-0.13232830,0.46189760
2.05041001,-0.15881830,0.42631310
2.05374401,-0.14117860,0.45298620
2.05707801,-0.14117860,0.44410540
2.06041201,-0.13232830,0.46189760
2.06374601,-0.13232830,0.46189760
2.06708001,-0.14999850,0.43519400
2.07041401,-0.14999850,0.43519400
2.07374801,-0.14999850,0.43519400
2.07708201,-0.14117860,0.44410540
2.08041601,-0.11468860,0.47077850
2.08375001,-0.12350840,0.47077850
2.08708401,-0.14999850,0.43519400
2.09041801,-0.14117860,0.45298620
2.09375201,-0.13232830,0.46189760
2.09708601,-0.14999850,0.43519400
2.10042001,-0.12350840,0.47077850
2.10375401,-0.13232830,0.45298620
2.10708801,-0.13232830,0.44410540
2.11042201,-0.13232830,0.46189760
2.11375601,-0.14117860,0.43519400
2.11709001,-0.13232830,0.45298620
2.12042401,-0.12350840,0.46189760
2.12375801,-0.10586870,0.47965940
2.12709201,-0.13232830,0.45298620
2.13042601,-0.13232830,0.45298620
2.13376001,-0.14999850,0.43519400
2.13709401,-0.14117860,0.45298620
2.14042801,-0.11468860,0.47077850
2.14376201,-0.10586870,0.47077850
2.14709601,-0.12350840,0.47077850
2.15043001,-0.13232830,0.44410540
2.15376401,-0.13232830,0.45298620
2.15709801,-0.10586870,0.47077850
2.16043201,-0.10586870,0.47077850
2.16376601,-0.12350840,0.46189760
2.16710001,-0.10586870,0.47077850
2.17043401,-0.14117860,0.44410540
2.17376801,-0.12350840,0.45298620
2.17710201,-0.10586870,0.47077850
2.18043601,-0.12350840,0.45298620
2.18377001,-0.10586870,0.47077850
2.18710401,-0.11468860,0.46189760
2.19043801,-0.11468860,0.46189760
2.19377201,-0.14117860,0.43519400
2.19710601,-0.12350840,0.46189760
2.20044001,-0.10586870,0.47077850
2.20377401,-0.10586870,0.47077850
2.20710801,-0.12350840,0.45298620
2.21044201,-0.12350840,0.45298620
2.21377601,-0.10586870,0.46189760
2.21711001,-0.12350840,0.44410540
2.22044401,-0.10586870,0.47077850
2.22377801,-0.10586870,0.47077850
2.22711201,-0.12350840,0.44410540
2.23044601,-0.11468860,0.46189760
2.23378001,-0.13232830,0.43519400
2.23711401,-0.08822901,0.47965940
2.24044801,-0.09704886,0.47965940
2.24378201,-0.08822901,0.47965940
2.24711601,-0.10586870,0.47077850
2.25045001,-0.11468860,0.45298620
2.25378401,-0.13232830,0.44410540
2.25711801,-0.09704886,0.47077850
2.26045201,-0.10586870,0.45298620
2.26378601,-0.09704886,0.47077850
2.26712001,-0.08822901,0.47965940
2.27045401,-0.11468860,0.44410540
2.27378801,-0.10586870,0.45298620
2.27712201,-0.07940916,0.48857080
2.28045601,-0.09704886,0.46189760
2.28379001,-0.08822901,0.47077850
2.28712401,-0.07940916,0.47965940
2.29045801,-0.10586870,0.45298620
2.29379201,-0.12350840,0.42631310
2.29712601,-0.07940916,0.47965940
2.30046001,-0.07058931,0.47965940
2.30379401,-0.07058931,0.48857080
2.30712801,-0.08822901,0.47077850
2.31046201,-0.10586870,0.45298620
2.31379601,-0.10586870,0.45298620
2.31713001,-0.08822901,0.47077850
2.32046401,-0.07940916,0.47077850
2.32379801,-0.07058931,0.48857080
2.32713201,-0.07940916,0.47077850
2.33046601,-0.10586870,0.45298620
2.33380001,-0.08822901,0.46189760
2.33713401,-0.10586870,0.43519400
2.34046801,-0.07940916,0.46189760
2.34380201,-0.08822901,0.46189760
2.34713601,-0.08822901,0.44410540
2.35047001,-0.08822901,0.46189760
2.35380401,-0.08822901,0.45298620
2.35713801,-0.07940916,0.46189760
2.36047201,-0.06173895,0.47965940
2.36380601,-0.07058931,0.47077850
2.36714001,-0.07058931,0.47077850
2.37047401,-0.08822901,0.45298620
2.37380801,-0.08822901,0.44410540
2.37714201,-0.08822901,0.45298620
2.38047601,-0.07058931,0.47077850
2.38381001,-0.05291910,0.47965940
2.38714401,-0.07940916,0.45298620
2.39047801,-0.07940916,0.45298620
2.39381201,-0.08822901,0.44410540
2.39714601,-0.06173895,0.47077850
2.40048001,-0.06173895,0.47077850
2.40381401,-0.06173895,0.47077850
2.40714801,-0.07058931,0.46189760
2.41048201,-0.08822901,0.43519400
2.41381601,-0.07058931,0.46189760
2.41715001,-0.07058931,0.45298620
2.42048401,-0.05291910,0.47077850
2.42381801,-0.06173895,0.46189760
2.42715201,-0.05291910,0.47077850
2.43048601,-0.07058931,0.44410540
2.43382001,-0.08822901,0.43519400
2.43715401,-0.05291910,0.47077850
2.44048801,-0.05291910,0.47077850
2.44382201,-0.05291910,0.47077850
2.44715601,-0.07940916,0.42631310
2.45049001,-0.05291910,0.47077850
2.45382401,-0.07058931,0.45298620
2.45715801,-0.04409925,0.47965940
2.46049201,-0.04409925,0.47077850
2.46382601,-0.05291910,0.46189760
2.46716001,-0.05291910,0.45298620
2.47049401,-0.06173895,0.45298620
2.47382801,-0.05291910,0.46189760
2.47716201,-0.06173895,0.45298620
2.48049601,-0.03527940,0.47077850
2.48383001,-0.06173895,0.44410540
2.48716401,-0.04409925,0.47077850
2.49049801,-0.04409925,0.46189760
2.49383201,-0.06173895,0.44410540
2.49716601,-0.04409925,0.45298620
2.50050001,-0.03527940,0.47077850
2.50383401,-0.03527940,0.47077850
2.50716801,-0.05291910,0.45298620
2.51050201,-0.05291910,0.44410540
2.51383601,-0.05291910,0.44410540
2.51717001,-0.06173895,0.43519400
2.52050401,-0.03527940,0.47077850
2.52383801,-0.02645955,0.47077850
2.52717201,-0.03527940,0.47077850
2.53050601,-0.03527940,0.47077850
2.53384001,-0.03527940,0.46189760
2.53717401,-0.04409925,0.45298620
2.54050801,-0.03527940,0.46189760
2.54384201,-0.04409925,0.44410540
2.54717601,-0.03527940,0.46189760
2.55051001,-0.06173895,0.42631310
2.55384401,-0.03527940,0.45298620
2.55717801,-0.01763970,0.47077850
2.56051201,-0.01763970,0.47077850
2.56384601,-0.00881985,0.47077850
2.56718001,-0.04409925,0.43519400
2.57051401,-0.04409925,0.43519400
2.57384801,-0.04409925,0.44410540
2.57718201,-0.03527940,0.45298620
2.58051601,0.00000000,0.47965940
2.58385001,0.00881985,0.49745170
2.58718401,-0.01763970,0.46189760
2.59051801,-0.01763970,0.46189760
2.59385201,-0.03527940,0.43519400
2.59718601,-0.02645955,0.44410540
2.60052001,-0.01763970,0.45298620
2.60385401,-0.01763970,0.46189760
2.60718801,-0.00881985,0.46189760
2.61052201,-0.02645955,0.44410540
2.61385601,-0.01763970,0.44410540
2.61719001,-0.00881985,0.46189760
2.62052401,-0.00881985,0.46189760
2.62385801,-0.00881985,0.46189760
2.62719201,-0.01763970,0.44410540
2.63052601,-0.01763970,0.43519400
2.63386001,-0.01763970,0.45298620
2.63719401,0.01763970,0.47965940
2.64052801,0.00881985,0.47077850
2.64386201,0.01763970,0.47965940
2.64719601,-0.01763970,0.44410540
2.65053001,-0.00881985,0.44410540
2.65386401,-0.02645955,0.42631310
2.65719801,0.00000000,0.45298620
2.66053201,0.00881985,0.47077850
2.66386601,0.02645955,0.48857080
2.66720001,0.02645955,0.48857080
2.67053401,0.00881985,0.46189760
2.67386801,0.00881985,0.46189760
2.67720201,0.02645955,0.47077850
2.68053601,0.01763970,0.46189760
2.68387001,-0.00881985,0.43519400
2.68720401,0.00000000,0.44410540
2.69053801,0.00881985,0.46189760
2.69387201,0.01763970,0.47077850
2.69720601,0.01763970,0.46189760
2.70054001,0.02645955,0.47077850
2.70387401,0.02645955,0.47965940
2.70720801,0.00881985,0.45298620
2.71054201,0.00000000,0.43519400
2.71387601,0.00881985,0.45298620
2.71721001,0.00881985,0.44410540
2.72054401,0.03527940,0.47077850
2.72387801,0.04409925,0.48857080
2.72721201,0.01763970,0.45298620
2.73054601,0.00881985,0.45298620
2.73388001,0.01763970,0.45298620
2.73721401,0.02645955,0.47077850
2.74054801,0.02645955,0.46189760
2.74388201,0.04409925,0.47077850
2.74721601,0.01763970,0.44410540
2.75055001,0.00881985,0.43519400
2.75388401,0.02645955,0.45298620
2.75721801,0.02645955,0.45298620
2.76055201,0.02645955,0.46189760
2.76388601,0.05291910,0.47965940
2.76722001,0.04409925,0.47077850
2.77055401,0.02645955,0.44410540
2.77388801,0.02645955,0.44410540
2.77722201,0.05291910,0.47077850
2.78055601,0.04409925,0.47077850
2.78389001,0.03527940,0.46189760
2.78722401,0.03527940,0.44410540
2.79055801,0.03527940,0.44410540
2.79389201,0.02645955,0.43519400
2.79722601,0.03527940,0.45298620
2.80056001,0.04409925,0.46189760
2.80389401,0.04409925,0.45298620
2.80722801,0.04409925,0.46189760
2.81056201,0.01763970,0.42631310
2.81389601,0.03527940,0.45298620
2.81723001,0.04409925,0.45298620
2.82056401,0.05291910,0.46189760
2.82389801,0.06173895,0.47077850
2.82723201,0.04409925,0.45298620
2.83056601,0.04409925,0.44410540
2.83390001,0.03527940,0.43519400
2.83723401,0.07058931,0.47077850
2.84056801,0.06173895,0.46189760
2.84390201,0.05291910,0.45298620
2.84723601,0.05291910,0.44410540
2.85057001,0.05291910,0.45298620
2.85390401,0.07058931,0.47077850
2.85723801,0.05291910,0.45298620
2.86057201,0.06173895,0.46189760
2.86390601,0.07058931,0.47077850
2.86724001,0.06173895,0.46189760
2.87057401,0.07058931,0.47077850
2.87390801,0.05291910,0.45298620
2.87724201,0.06173895,0.46189760
2.88057601,0.07058931,0.47077850
2.88391001,0.07940916,0.47965940
2.88724401,0.06173895,0.46189760
2.89057801,0.06173895,0.45298620
2.89391201,0.05291910,0.43519400
2.89724601,0.07940916,0.47077850
2.90058001,0.08822901,0.47077850
2.90391401,0.07058931,0.46189760
2.90724801,0.05291910,0.43519400
2.91058201,0.06173895,0.44410540
2.91391601,0.07058931,0.46189760
2.91725001,0.07058931,0.46189760
2.92058401,0.07058931,0.46189760
2.92391801,0.07940916,0.47077850
2.92725201,0.07940916,0.47077850
2.93058601,0.07058931,0.46189760
2.93392001,0.06173895,0.44410540
2.93725401,0.07058931,0.45298620
2.94058801,0.07058931,0.46189760
2.94392201,0.09704886,0.47965940
2.94725601,0.08822901,0.47077850
2.95059001,0.04409925,0.42631310
2.95392401,0.06173895,0.44410540
2.95725801,0.08822901,0.47077850
2.96059201,0.08822901,0.47077850
2.96392601,0.08822901,0.47077850
2.96726001,0.07058931,0.44410540
2.97059401,0.07058931,0.46189760
2.97392801,0.06173895,0.44410540
2.97726201,0.08822901,0.47077850
2.98059601,0.07058931,0.45298620
2.98393001,0.08822901,0.47077850
2.98726401,0.07058931,0.45298620
2.99059801,0.07058931,0.45298620
2.99393201,0.05291910,0.43519400
2.99726601,0.07058931,0.45298620
3.00060001,0.07940916,0.45298620
3.00393401,0.08822901,0.46189760
3.00726801,0.08822901,0.47077850
3.01060201,0.06173895,0.44410540
3.01393601,0.06173895,0.43519400
3.01727001,0.07058931,0.45298620
3.02060401,0.07058931,0.46189760
3.02393801,0.07058931,0.45298620
3.02727201,0.08822901,0.47965940
3.03060601,0.06173895,0.44410540
3.03394001,0.07058931,0.44410540
3.03727401,0.07940916,0.46189760
3.04060801,0.07940916,0.46189760
3.04394201,0.07058931,0.46189760
3.04727601,0.07058931,0.46189760
3.05061001,0.05291910,0.44410540
3.05394401,0.05291910,0.43519400
3.05727801,0.06173895,0.45298620
3.06061201,0.07058931,0.45298620
3.06394601,0.07940916,0.47077850
3.06728001,0.06173895,0.45298620
3.07061401,0.05291910,0.43519400
3.07394801,0.05291910,0.44410540
3.07728201,0.06173895,0.45298620
3.08061601,0.06173895,0.44410540
3.08395001,0.06173895,0.45298620
3.08728401,0.07058931,0.47077850
3.09061801,0.05291910,0.45298620
3.09395201,0.05291910,0.44410540
3.09728601,0.07058931,0.47077850
3.10062001,0.05291910,0.45298620
3.10395401,0.07058931,0.47077850
3.10728801,0.06173895,0.45298620
3.11062201,0.06173895,0.46189760
3.11395601,0.03527940,0.42631310
3.11729001,0.05291910,0.45298620
3.12062401,0.07058931,0.46189760
3.12395801,0.08822901,0.47965940
3.12729201,0.05291910,0.45298620
3.13062601,0.03527940,0.43519400
3.13396001,0.04409925,0.43519400
3.13729401,0.05291910,0.46189760
3.14062801,0.06173895,0.46189760
3.14396201,0.05291910,0.44410540
3.14729601,0.06173895,0.44410540
3.15063001,0.04409925,0.44410540
3.15396401,0.05291910,0.45298620
3.15729801,0.07058931,0.47077850
3.16063201,0.06173895,0.46189760
3.16396601,0.07058931,0.47077850
3.16730001,0.05291910,0.45298620
3.17063401,0.03527940,0.43519400
3.17396801,0.05291910,0.45298620
3.17730201,0.04409925,0.45298620
3.18063601,0.05291910,0.46189760
3.18397001,0.03527940,0.43519400
3.18730401,0.03527940,0.44410540
3.19063801,0.04409925,0.45298620
3.19397201,0.03527940,0.44410540
3.19730601,0.03527940,0.45298620
3.20064001,0.05291910,0.47077850
3.20397401,0.03527940,0.45298620
3.20730801,0.06173895,0.47077850
3.21064201,0.02645955,0.44410540
3.21397601,0.01763970,0.42631310
3.21731001,0.04409925,0.46189760
3.22064401,0.04409925,0.46189760
3.22397801,0.03527940,0.45298620
3.22731201,0.03527940,0.46189760
3.23064601,0.02645955,0.44410540
3.23398001,0.01763970,0.43519400
3.23731401,0.03527940,0.45298620
3.24064801,0.03527940,0.46189760
3.24398201,0.04409925,0.47077850
3.24731601,0.00881985,0.42631310
3.25065001,0.00881985,0.43519400
3.25398401,0.01763970,0.44410540
3.25731801,0.03527940,0.47077850
3.26065201,0.02645955,0.46189760
3.26398601,0.03527940,0.46189760
3.26732001,0.02645955,0.45298620
3.27065401,0.00881985,0.44410540
3.27398801,0.00000000,0.42631310
3.27732201,0.00881985,0.43519400
3.28065601,0.03527940,0.47077850
3.28399001,0.04409925,0.48857080
3.28732401,0.02645955,0.47077850
3.29065801,0.00881985,0.45298620
3.29399201,0.00881985,0.45298620
3.29732601,0.00881985,0.44410540
3.30066001,0.01763970,0.46189760
3.30399401,0.02645955,0.47965940
3.30732801,-0.00881985,0.43519400
3.31066201,0.00881985,0.46189760
3.31399601,-0.00881985,0.43519400
3.31733001,0.02645955,0.47965940
3.32066401,0.02645955,0.47077850
3.32399801,0.00000000,0.45298620
3.32733201,0.00000000,0.45298620
3.33066601,0.00000000,0.45298620
3.33400001,0.00000000,0.44410540
3.33733401,0.00000000,0.45298620
3.34066801,0.02645955,0.47077850
3.34400201,0.01763970,0.47077850
3.34733601,0.00881985,0.47077850
3.35067001,-0.00881985,0.43519400
3.35400401,-0.01763970,0.43519400
3.35733801,-0.00881985,0.44410540
3.36067201,0.00000000,0.46189760
3.36400601,0.01763970,0.47965940
3.36734001,-0.00881985,0.44410540
3.37067401,-0.00881985,0.45298620
3.37400801,-0.01763970,0.44410540
3.37734201,0.00000000,0.47077850
3.38067601,-0.00881985,0.46189760
3.38401001,-0.00881985,0.45298620
3.38734401,0.00000000,0.46189760
3.39067801,-0.04409925,0.42631310
3.39401201,-0.00881985,0.46189760
3.39734601,-0.03527940,0.43519400
3.40068001,0.00000000,0.47077850
3.40401401,-0.01763970,0.46189760
3.40734801,-0.01763970,0.44410540
3.41068201,-0.01763970,0.46189760
3.41401601,-0.02645955,0.44410540
3.41735001,-0.00881985,0.47077850
3.42068401,-0.00881985,0.46189760
3.42401801,-0.01763970,0.46189760
3.42735201,-0.02645955,0.45298620
3.43068601,-0.03527940,0.44410540
3.43402001,-0.05291910,0.42631310
3.43735401,-0.01763970,0.45298620
3.44068801,-0.01763970,0.46189760
3.44402201,-0.01763970,0.47077850
3.44735601,-0.02645955,0.46189760
3.45069001,-0.03527940,0.44410540
3.45402401,-0.03527940,0.45298620
3.45735801,-0.03527940,0.46189760
3.46069201,-0.01763970,0.47077850
3.46402601,-0.03527940,0.45298620
3.46736001,-0.05291910,0.43519400
3.47069401,-0.04409925,0.44410540
3.47402801,-0.04409925,0.45298620
3.47736201,-0.02645955,0.47077850
3.48069601,-0.03527940,0.46189760
3.48403001,-0.03527940,0.47077850
3.48736401,-0.03527940,0.46189760
3.49069801,-0.05291910,0.43519400
3.49403201,-0.05291910,0.44410540
3.49736601,-0.03527940,0.45298620
3.50070001,-0.02645955,0.47077850
3.50403401,-0.02645955,0.47077850
3.50736801,-0.04409925,0.46189760
3.51070201,-0.07058931,0.43519400
3.51403601,-0.07058931,0.43519400
3.51737001,-0.06173895,0.44410540
3.52070401,-0.03527940,0.47077850
3.52403801,-0.04409925,0.47077850
3.52737201,-0.06173895,0.44410540
3.53070601,-0.06173895,0.45298620
3.53404001,-0.05291910,0.45298620
3.53737401,-0.06173895,0.45298620
3.54070801,-0.04409925,0.46189760
3.54404201,-0.04409925,0.47077850
3.54737601,-0.05291910,0.47077850
3.55071001,-0.07058931,0.45298620
3.55404401,-0.06173895,0.45298620
3.55737801,-0.05291910,0.47077850
3.56071201,-0.04409925,0.47077850
3.56404601,-0.05291910,0.47077850
3.56738001,-0.06173895,0.45298620
3.57071401,-0.07940916,0.44410540
3.57404801,-0.07058931,0.44410540
3.57738201,-0.07940916,0.44410540
3.58071601,-0.05291910,0.47077850
3.58405001,-0.07058931,0.45298620
3.58738401,-0.06173895,0.46189760
3.59071801,-0.08822901,0.43519400
3.59405201,-0.07058931,0.45298620
3.59738601,-0.07058931,0.46189760
3.60072001,-0.05291910,0.47077850
3.60405401,-0.06173895,0.46189760
3.60738801,-0.07940916,0.44410540
3.61072201,-0.08822901,0.43519400
3.61405601,-0.07940916,0.44410540
3.61739001,-0.07058931,0.46189760
3.62072401,-0.07058931,0.47077850
3.62405801,-0.07058931,0.46189760
3.62739201,-0.07058931,0.46189760
3.63072601,-0.07940916,0.45298620
3.63406001,-0.11468860,0.41743220
3.63739401,-0.07058931,0.46189760
3.64072801,-0.06173895,0.47965940
3.64406201,-0.07058931,0.47077850
3.64739601,-0.07940916,0.46189760
3.65073001,-0.08822901,0.45298620
3.65406401,-0.07940916,0.46189760
3.65739801,-0.08822901,0.45298620
3.66073201,-0.08822901,0.46189760
3.66406601,-0.08822901,0.45298620
3.66740001,-0.07940916,0.47077850
3.67073401,-0.07940916,0.47077850
3.67406801,-0.10586870,0.43519400
3.67740201,-0.07940916,0.47077850
3.68073601,-0.07940916,0.47077850
3.68407001,-0.07940916,0.47077850
3.68740401,-0.09704886,0.45298620
3.69073801,-0.10586870,0.43519400
3.69407201,-0.11468860,0.43519400
3.69740601,-0.09704886,0.45298620
3.70074001,-0.08822901,0.47077850
3.70407401,-0.09704886,0.45298620
3.70740801,-0.08822901,0.47077850
3.71074201,-0.10586870,0.45298620
3.71407601,-0.11468860,0.43519400
3.71741001,-0.09704886,0.47077850
3.72074401,-0.08822901,0.47077850
3.72407801,-0.07940916,0.47077850
3.72741201,-0.10586870,0.45298620
3.73074601,-0.11468860,0.44410540
3.73408001,-0.10586870,0.45298620
3.73741401,-0.10586870,0.46189760
3.74074801,-0.09704886,0.47077850
3.74408201,-0.10586870,0.46189760
3.74741601,-0.11468860,0.45298620
3.75075001,-0.11468860,0.45298620
3.75408401,-0.12350840,0.45298620
3.75741801,-0.09704886,0.47077850
3.76075201,-0.10586870,0.46189760
3.76408601,-0.10586870,0.47077850
3.76742001,-0.11468860,0.45298620
3.77075401,-0.12350840,0.44410540
3.77408801,-0.11468860,0.46189760
3.77742201,-0.12350840,0.44410540
3.78075601,-0.11468860,0.46189760
3.78409001,-0.11468860,0.46189760
3.78742401,-0.10586870,0.47077850
3.79075801,-0.12350840,0.46189760
3.79409201,-0.12350840,0.45298620
3.79742601,-0.11468860,0.45298620
3.80076001,-0.11468860,0.47077850
3.80409401,-0.10586870,0.47077850
3.80742801,-0.14117860,0.43519400
3.81076201,-0.13232830,0.44410540
3.81409601,-0.12350840,0.45298620
3.81743001,-0.09704886,0.48857080
3.82076401,-0.11468860,0.47077850
3.82409801,-0.10586870,0.47077850
3.82743201,-0.13232830,0.45298620
3.83076601,-0.14117860,0.43519400
3.83410001,-0.14117860,0.43519400
3.83743401,-0.13232830,0.45298620
3.84076801,-0.11468860,0.47077850
3.84410201,-0.10586870,0.47965940
3.84743601,-0.12350840,0.46189760
3.85077001,-0.14117860,0.43519400
3.85410401,-0.12350840,0.46189760
3.85743801,-0.12350840,0.47077850
3.86077201,-0.11468860,0.47077850
3.86410601,-0.10586870,0.48857080
3.86744001,-0.14117860,0.43519400
3.87077401,-0.15881830,0.43519400
3.87410801,-0.14999850,0.43519400
3.87744201,-0.12350840,0.47077850
3.88077601,-0.12350840,0.46189760
3.88411001,-0.11468860,0.47077850
3.88744401,-0.13232830,0.45298620
3.89077801,-0.14117860,0.44410540
3.89411201,-0.14117860,0.45298620
3.89744601,-0.11468860,0.47965940
3.90078001,-0.12350840,0.46189760
3.90411401,-0.13232830,0.46189760
3.90744801,-0.14117860,0.46189760
3.91078201,-0.14117860,0.45298620
3.91411601,-0.14999850,0.43519400
3.91745001,-0.14117860,0.44410540
3.92078401,-0.12350840,0.47077850
3.92411801,-0.13232830,0.46189760
3.92745201,-0.14117860,0.44410540
3.93078601,-0.14999850,0.44410540
3.93412001,-0.14117860,0.45298620
3.93745401,-0.11468860,0.48857080
3.94078801,-0.13232830,0.47077850
3.94412201,-0.12350840,0.47077850
3.94745601,-0.14999850,0.43519400
3.95079001,-0.14117860,0.45298620
3.95412401,-0.15881830,0.42631310
3.95745801,-0.14117860,0.46189760
3.96079201,-0.13232830,0.46189760
3.96412601,-0.13232830,0.47077850
3.96746001,-0.13232830,0.46189760
3.97079401,-0.14117860,0.46189760
3.97412801,-0.14117860,0.46189760
3.97746201,-0.14117860,0.45298620
3.98079601,-0.12350840,0.47077850
3.98413001,-0.13232830,0.46189760
3.98746401,-0.14999850,0.44410540
3.99079801,-0.14117860,0.45298620
3.99413201,-0.14999850,0.43519400
3.99746601,-0.13232830,0.46189760
4.00080001,-0.13232830,0.47077850
4.00413401,-0.12350840,0.47077850
4.00746801,-0.14117860,0.47077850
4.01080201,-0.14999850,0.44410540
4.01413601,-0.14999850,0.45298620
4.01747001,-0.14117860,0.44410540
4.02080401,-0.13232830,0.47077850
4.02413801,-0.11468860,0.47965940
4.02747201,-0.14117860,0.44410540
4.03080601,-0.14117860,0.44410540
4.03414001,-0.12350840,0.47077850
4.03747401,-0.11468860,0.47077850
4.04080801,-0.11468860,0.47077850
4.04414201,-0.13232830,0.46189760
4.04747601,-0.11468860,0.47077850
4.05081001,-0.13232830,0.46189760
4.05414401,-0.14117860,0.45298620
4.05747801,-0.12350840,0.45298620
4.06081201,-0.12350840,0.46189760
4.06414601,-0.13232830,0.45298620
4.06748001,-0.13232830,0.46189760
4.07081401,-0.14117860,0.45298620
4.07414801,-0.14117860,0.44410540
4.07748201,-0.11468860,0.47077850
4.08081601,-0.11468860,0.46189760
4.08415001,-0.12350840,0.46189760
4.08748401,-0.14117860,0.43519400
4.09081801,-0.14117860,0.44410540
4.09415201,-0.14999850,0.43519400
4.09748601,-0.11468860,0.47077850
4.10082001,-0.11468860,0.47077850
4.10415401,-0.11468860,0.47077850
4.10748801,-0.11468860,0.47077850
4.11082201,-0.13232830,0.46189760
4.11415601,-0.11468860,0.46189760
4.11749001,-0.12350840,0.45298620
4.12082401,-0.10586870,0.47077850
4.12415801,-0.14117860,0.44410540
4.12749201,-0.14117860,0.42631310
4.13082601,-0.11468860,0.46189760
4.13416001,-0.14117860,0.43519400
4.13749401,-0.10586870,0.47965940
4.14082801,-0.09704886,0.47965940
4.14416201,-0.10586870,0.47077850
4.14749601,-0.11468860,0.46189760
4.15083001,-0.12350840,0.44410540
4.15416401,-0.13232830,0.45298620
4.15749801,-0.12350840,0.45298620
4.16083201,-0.11468860,0.47077850
4.16416601,-0.11468860,0.45298620
4.16750001,-0.10586870,0.47077850
4.17083401,-0.11468860,0.45298620
4.17416801,-0.12350840,0.45298620
4.17750201,-0.12350840,0.45298620
4.18083601,-0.10586870,0.47077850
4.18417001,-0.10586870,0.47077850
4.18750401,-0.13232830,0.43519400
4.19083801,-0.10586870,0.46189760
4.19417201,-0.14117860,0.42631310
4.19750601,-0.08822901,0.47965940
4.20084001,-0.10586870,0.47077850
4.20417401,-0.08822901,0.47965940
4.20750801,-0.12350840,0.43519400
4.21084201,-0.11468860,0.44410540
4.21417601,-0.13232830,0.43519400
4.21751001,-0.08822901,0.47965940
4.22084401,-0.09704886,0.46189760
4.22417801,-0.09704886,0.46189760
4.22751201,-0.11468860,0.43519400
4.23084601,-0.12350840,0.43519400
4.23418001,-0.10586870,0.44410540
4.23751401,-0.09704886,0.47077850
4.24084801,-0.09704886,0.46189760
4.24418201,-0.10586870,0.44410540
4.24751601,-0.09704886,0.46189760
4.25085001,-0.10586870,0.44410540
4.25418401,-0.10586870,0.44410540
4.25751801,-0.08822901,0.47077850
4.26085201,-0.08822901,0.47077850
4.26418601,-0.10586870,0.45298620
4.26752001,-0.09704886,0.45298620
4.27085401,-0.09704886,0.45298620
4.27418801,-0.10586870,0.44410540
4.27752201,-0.09704886,0.45298620
4.28085601,-0.08822901,0.47077850
4.28419001,-0.08822901,0.46189760
4.28752401,-0.07058931,0.47965940
4.29085801,-0.09704886,0.44410540
4.29419201,-0.07940916,0.47077850
4.29752601,-0.08822901,0.45298620
4.30086001,-0.07940916,0.47077850
4.30419401,-0.07940916,0.47077850
4.30752801,-0.08822901,0.46189760
4.31086201,-0.10586870,0.42631310
4.31419601,-0.09704886,0.44410540
4.31753001,-0.07940916,0.45298620
4.32086401,-0.07058931,0.47077850
4.32419801,-0.05291910,0.48857080
4.32753201,-0.07940916,0.45298620
4.33086601,-0.08822901,0.44410540
4.33420001,-0.09704886,0.43519400
4.33753401,-0.07940916,0.45298620
4.34086801,-0.07940916,0.46189760
4.34420201,-0.05291910,0.47965940
4.34753601,-0.08822901,0.43519400
4.35087001,-0.07940916,0.45298620
4.35420401,-0.07940916,0.44410540
4.35753801,-0.07058931,0.46189760
4.36087201,-0.07058931,0.45298620
4.36420601,-0.05291910,0.47077850
4.36754001,-0.08822901,0.43519400
4.37087401,-0.07940916,0.43519400
4.37420801,-0.08822901,0.42631310
4.37754201,-0.05291910,0.47077850
4.38087601,-0.05291910,0.46189760
4.38421001,-0.05291910,0.47077850
4.38754401,-0.07940916,0.44410540
4.39087801,-0.07940916,0.43519400
4.39421201,-0.07940916,0.43519400
4.39754601,-0.06173895,0.44410540
4.40088001,-0.05291910,0.47077850
4.40421401,-0.03527940,0.47965940
4.40754801,-0.07058931,0.44410540
4.41088201,-0.07940916,0.43519400
4.41421601,-0.07058931,0.44410540
4.41755001,-0.05291910,0.45298620
4.42088401,-0.04409925,0.47077850
4.42421801,-0.03527940,0.47077850
4.42755201,-0.06173895,0.45298620
4.43088601,-0.07058931,0.43519400
4.43422001,-0.07058931,0.43519400
4.43755401,-0.06173895,0.44410540
4.44088801,-0.04409925,0.46189760
4.44422201,-0.05291910,0.45298620
4.44755601,-0.04409925,0.46189760
4.45089001,-0.04409925,0.46189760
4.45422401,-0.05291910,0.45298620
4.45755801,-0.05291910,0.44410540
4.46089201,-0.03527940,0.47077850
4.46422601,-0.04409925,0.45298620
4.46756001,-0.05291910,0.44410540
4.47089401,-0.04409925,0.45298620
4.47422801,-0.05291910,0.43519400
4.47756201,-0.03527940,0.45298620
4.48089601,-0.02645955,0.46189760
4.48423001,-0.03527940,0.45298620
4.48756401,-0.03527940,0.47077850
4.49089801,-0.04409925,0.44410540
4.49423201,-0.03527940,0.46189760
4.49756601,-0.03527940,0.44410540
4.50090001,-0.03527940,0.46189760
4.50423401,-0.00881985,0.47965940
4.50756801,-0.02645955,0.47077850
4.51090201,-0.04409925,0.44410540
4.51423601,-0.03527940,0.46189760
4.51757001,-0.02645955,0.45298620
4.52090401,-0.02645955,0.46189760
4.52423801,-0.00881985,0.47965940
4.52757201,-0.02645955,0.46189760
4.53090601,-0.03527940,0.44410540
4.53424001,-0.04409925,0.43519400
4.53757401,-0.02645955,0.44410540
4.54090801,-0.01763970,0.46189760
4.54424201,0.00000000,0.48857080
4.54757601,-0.00881985,0.46189760
4.55091001,-0.01763970,0.46189760
4.55424401,-0.00881985,0.46189760
4.55757801,-0.02645955,0.44410540
4.56091201,-0.00881985,0.46189760
4.56424601,0.00000000,0.47077850
4.56758001,-0.02645955,0.44410540
4.57091401,0.00000000,0.47077850
4.57424801,-0.03527940,0.43519400
4.57758201,0.00000000,0.47077850
4.58091601,0.00000000,0.47077850
4.58425001,0.00000000,0.47077850
4.58758401,-0.00881985,0.46189760
4.59091801,-0.01763970,0.44410540
4.59425201,0.00000000,0.47077850
4.59758601,0.00000000,0.47077850
4.60092001,0.00000000,0.46189760
4.60425401,0.00000000,0.45298620
4.60758801,-0.00881985,0.44410540
4.61092201,-0.00881985,0.45298620
4.61425601,0.00000000,0.46189760
4.61759001,0.01763970,0.47077850
4.62092401,0.00881985,0.46189760
4.62425801,0.00881985,0.46189760
4.62759201,-0.00881985,0.43519400
4.63092601,0.00000000,0.43519400
4.63426001,0.00000000,0.46189760
4.63759401,0.02645955,0.47965940
4.64092801,0.01763970,0.46189760
4.64426201,0.02645955,0.46189760
4.64759601,-0.00881985,0.42631310
4.65093001,0.00000000,0.44410540
4.65426401,0.00881985,0.45298620
4.65759801,0.00881985,0.46189760
4.66093201,0.01763970,0.46189760
4.66426601,0.01763970,0.46189760
4.66760001,0.00000000,0.43519400
4.67093401,-0.00881985,0.43519400
4.67426801,0.01763970,0.46189760
4.67760201,0.02645955,0.46189760
4.68093601,0.01763970,0.45298620
4.68427001,0.01763970,0.45298620
4.68760401,0.00881985,0.44410540
4.69093801,0.00000000,0.43519400
4.69427201,0.00000000,0.43519400
4.69760601,0.02645955,0.46189760
4.70094001,0.03527940,0.47077850
4.70427401,0.03527940,0.46189760
4.70760801,0.01763970,0.45298620
4.71094201,0.01763970,0.43519400
4.71427601,0.00000000,0.41743220
4.71761001,0.02645955,0.46189760
4.72094401,0.03527940,0.46189760
4.72427801,0.02645955,0.44410540
4.72761201,0.01763970,0.44410540
4.73094601,0.01763970,0.44410540
4.73428001,0.02645955,0.44410540
4.73761401,0.05291910,0.47077850
4.74094801,0.03527940,0.45298620
4.74428201,0.05291910,0.46189760
4.74761601,0.02645955,0.43519400
4.75095001,0.03527940,0.44410540
4.75428401,0.02645955,0.43519400
4.75761801,0.05291910,0.46189760
4.76095201,0.05291910,0.46189760
4.76428601,0.06173895,0.47077850
4.76762001,0.06173895,0.47077850
4.77095401,0.02645955,0.43519400
4.77428801,0.02645955,0.43519400
4.77762201,0.03527940,0.43519400
4.78095601,0.06173895,0.47077850
4.78429001,0.05291910,0.45298620
4.78762401,0.05291910,0.45298620
4.79095801,0.03527940,0.44410540
4.79429201,0.05291910,0.46189760
4.79762601,0.06173895,0.46189760
4.80096001,0.07058931,0.46189760
4.80429401,0.06173895,0.45298620
4.80762801,0.03527940,0.43519400
4.81096201,0.04409925,0.44410540
4.81429601,0.07058931,0.47077850
4.81763001,0.07058931,0.47077850
4.82096401,0.07058931,0.47077850
4.82429801,0.07940916,0.47965940
4.82763201,0.06173895,0.46189760
4.83096601,0.05291910,0.45298620
4.83430001,0.04409925,0.42631310
4.83763401,0.04409925,0.43519400
4.84096801,0.06173895,0.45298620
4.84430201,0.07058931,0.46189760
4.84763601,0.06173895,0.45298620
4.85097001,0.04409925,0.43519400
4.85430401,0.07058931,0.47077850
4.85763801,0.07058931,0.47077850
4.86097201,0.07058931,0.46189760
4.86430601,0.07058931,0.46189760
4.86764001,0.05291910,0.44410540
4.87097401,0.06173895,0.44410540
4.87430801,0.04409925,0.43519400
4.87764201,0.07058931,0.45298620
4.88097601,0.07058931,0.46189760
4.88431001,0.07940916,0.46189760
4.88764401,0.07058931,0.46189760
4.89097801,0.06173895,0.44410540
4.89431201,0.07058931,0.45298620
4.89764601,0.07058931,0.46189760
4.90098001,0.07058931,0.46189760
4.90431401,0.07058931,0.47077850
4.90764801,0.06173895,0.44410540
4.91098201,0.05291910,0.43519400
4.91431601,0.07058931,0.44410540
4.91765001,0.07940916,0.46189760
4.92098401,0.07940916,0.46189760
4.92431801,0.08822901,0.47077850
4.92765201,0.07058931,0.46189760
4.93098601,0.07058931,0.46189760
4.93432001,0.03527940,0.41743220
4.93765401,0.07058931,0.45298620
4.94098801,0.07940916,0.46189760
4.94432201,0.07058931,0.45298620
4.94765601,0.06173895,0.44410540
4.95099001,0.07058931,0.44410540
4.95432401,0.07058931,0.46189760
4.95765801,0.07940916,0.47077850
4.96099201,0.08822901,0.47077850
4.96432601,0.09704886,0.47077850
4.96766001,0.06173895,0.43519400
4.97099401,0.06173895,0.43519400
4.97432801,0.05291910,0.43519400
4.97766201,0.07940916,0.45298620
4.98099601,0.07940916,0.45298620
4.98433001,0.08822901,0.47077850
4.98766401,0.05291910,0.43519400
4.99099801,0.05291910,0.42631310
4.99433201,0.07058931,0.45298620
4.99766601,0.07940916,0.46189760
5.00100001,0.07940916,0.46189760
5.00433401,0.07058931,0.47077850
5.00766801,0.07058931,0.46189760
5.01100201,0.05291910,0.44410540
5.01433601,0.06173895,0.44410540
5.01767001,0.06173895,0.45298620
5.02100401,0.07058931,0.46189760
5.02433801,0.06173895,0.45298620
5.02767201,0.04409925,0.43519400
5.03100601,0.06173895,0.45298620
5.03434001,0.06173895,0.45298620
5.03767401,0.07058931,0.47077850
5.04100801,0.06173895,0.46189760
5.04434201,0.07058931,0.47077850
5.04767601,0.06173895,0.46189760
5.05101001,0.04409925,0.44410540
5.05434401,0.06173895,0.46189760
5.05767801,0.05291910,0.45298620
5.06101201,0.07058931,0.47077850
5.06434601,0.05291910,0.46189760
5.06768001,0.04409925,0.43519400
5.07101401,0.04409925,0.44410540
5.07434801,0.04409925,0.43519400
5.07768201,0.07058931,0.46189760
5.08101601,0.07058931,0.47077850
5.08435001,0.07058931,0.47077850
5.08768401,0.05291910,0.46189760
5.09101801,0.05291910,0.44410540
5.09435201,0.04409925,0.45298620
5.09768601,0.06173895,0.47077850
5.10102001,0.06173895,0.46189760
5.10435401,0.06173895,0.46189760
5.10768801,0.07058931,0.47077850
5.11102201,0.04409925,0.44410540
5.11435601,0.06173895,0.47077850
5.11769001,0.07058931,0.47077850
5.12102401,0.05291910,0.46189760
5.12435801,0.05291910,0.45298620
5.12769201,0.03527940,0.45298620
5.13102601,0.06173895,0.47077850
5.13436001,0.03527940,0.44410540
5.13769401,0.04409925,0.44410540
5.14102801,0.06173895,0.47077850
5.14436201,0.05291910,0.46189760
5.14769601,0.03527940,0.44410540
5.15103001,0.02645955,0.44410540
5.15436401,0.00881985,0.41743220
5.15769801,0.03527940,0.45298620
5.16103201,0.04409925,0.46189760
5.16436601,0.03527940,0.46189760
5.16770001,0.04409925,0.46189760
5.17103401,0.03527940,0.45298620
5.17436801,0.04409925,0.46189760
5.17770201,0.05291910,0.47965940
5.18103601,0.04409925,0.46189760
5.18437001,0.05291910,0.47077850
5.18770401,0.02645955,0.44410540
5.19103801,0.01763970,0.44410540
5.19437201,0.00881985,0.43519400
5.19770601,0.03527940,0.46189760
5.20104001,0.04409925,0.47077850
5.20437401,0.03527940,0.46189760
5.20770801,0.01763970,0.43519400
5.21104201,0.02645955,0.46189760
5.21437601,0.01763970,0.45298620
5.21771001,0.03527940,0.47077850
5.22104401,0.03527940,0.46189760
5.22437801,0.03527940,0.47077850
5.22771201,0.02645955,0.45298620
5.23104601,0.00000000,0.43519400
5.23438001,0.01763970,0.45298620
5.23771401,0.01763970,0.45298620
5.24104801,0.02645955,0.47077850
5.24438201,0.00881985,0.44410540
5.24771601,0.00881985,0.45298620
5.25105001,0.01763970,0.47077850
5.25438401,0.00000000,0.45298620
5.25771801,0.03527940,0.48857080
5.26105201,0.02645955,0.47077850
5.26438601,0.03527940,0.47965940
5.26772001,0.00000000,0.45298620
5.27105401,0.00881985,0.46189760
5.27438801,-0.00881985,0.44410540
5.27772201,0.00000000,0.45298620
5.28105601,0.00881985,0.47077850
5.28439001,0.01763970,0.46189760
5.28772401,0.01763970,0.46189760
5.29105801,0.00000000,0.45298620
5.29439201,0.00881985,0.47077850
5.29772601,0.00881985,0.47077850
5.30106001,0.01763970,0.47077850
5.30439401,0.00000000,0.46189760
5.30772801,-0.01763970,0.43519400
5.31106201,0.00881985,0.47077850
5.31439601,-0.01763970,0.43519400
5.31773001,0.00881985,0.47077850
5.32106401,0.00881985,0.47077850
5.32439801,0.00881985,0.47965940
5.32773201,-0.00881985,0.46189760
5.33106601,-0.01763970,0.44410540
5.33440001,-0.01763970,0.44410540
5.33773401,-0.01763970,0.44410540
5.34106801,0.00000000,0.47077850
5.34440201,-0.00881985,0.45298620
5.34773601,-0.00881985,0.47077850
5.35107001,-0.00881985,0.47077850
5.35440401,-0.00881985,0.47077850
5.35773801,-0.00881985,0.47077850
5.36107201,-0.00881985,0.47077850
5.36440601,-0.01763970,0.46189760
5.36774001,-0.03527940,0.44410540
5.37107401,-0.03527940,0.43519400
5.37440801,-0.03527940,0.44410540
5.37774201,-0.00881985,0.47077850
5.38107601,-0.01763970,0.47077850
5.38441001,-0.00881985,0.47077850
5.38774401,-0.01763970,0.46189760
5.39107801,-0.02645955,0.46189760
5.39441201,-0.03527940,0.45298620
5.39774601,-0.03527940,0.45298620
5.40108001,-0.01763970,0.46189760
5.40441401,-0.03527940,0.45298620
5.40774801,-0.03527940,0.46189760
5.41108201,-0.04409925,0.43519400
5.41441601,-0.02645955,0.47077850
5.41775001,-0.01763970,0.47077850
5.42108401,-0.01763970,0.47077850
5.42441801,-0.00881985,0.47965940
5.42775201,-0.05291910,0.43519400
5.43108601,-0.04409925,0.45298620
5.43442001,-0.05291910,0.42631310
5.43775401,-0.04409925,0.45298620
5.44108801,-0.03527940,0.46189760
5.44442201,-0.03527940,0.47077850
5.44775601,-0.03527940,0.47077850
5.45109001,-0.06173895,0.43519400
5.45442401,-0.01763970,0.48857080
5.45775801,-0.03527940,0.46189760
5.46109201,-0.03527940,0.46189760
5.46442601,-0.03527940,0.47077850
5.46776001,-0.06173895,0.43519400
5.47109401,-0.05291910,0.44410540
5.47442801,-0.05291910,0.44410540
5.47776201,-0.03527940,0.47077850
5.48109601,-0.04409925,0.47077850
5.48443001,-0.04409925,0.46189760
5.48776401,-0.05291910,0.46189760
5.49109801,-0.04409925,0.47077850
5.49443201,-0.06173895,0.44410540
5.49776601,-0.05291910,0.45298620
5.50110001,-0.04409925,0.47077850
5.50443401,-0.06173895,0.44410540
5.50776801,-0.07058931,0.44410540
5.51110201,-0.05291910,0.46189760
5.51443601,-0.05291910,0.46189760
5.51777001,-0.04409925,0.47077850
5.52110401,-0.04409925,0.47965940
5.52443801,-0.04409925,0.47077850
5.52777201,-0.07940916,0.44410540
5.53110601,-0.07940916,0.44410540
5.53444001,-0.08822901,0.43519400
5.53777401,-0.07058931,0.45298620
5.54110801,-0.06173895,0.46189760
5.54444201,-0.04409925,0.47965940
5.54777601,-0.05291910,0.47077850
5.55111001,-0.07940916,0.43519400
5.55444401,-0.07058931,0.46189760
5.55777801,-0.07940916,0.44410540
5.56111201,-0.06173895,0.46189760
5.56444601,-0.07058931,0.45298620
5.56778001,-0.07940916,0.46189760
5.57111401,-0.07940916,0.44410540
5.57444801,-0.07058931,0.46189760
5.57778201,-0.05291910,0.47965940
5.58111601,-0.06173895,0.47077850
5.58445001,-0.07058931,0.46189760
5.58778401,-0.08822901,0.43519400
5.59111801,-0.10586870,0.42631310
5.59445201,-0.09704886,0.43519400
5.59778601,-0.07058931,0.47077850
5.60112001,-0.07058931,0.46189760
5.60445401,-0.05291910,0.48857080
5.60778801,-0.07940916,0.46189760
5.61112201,-0.07940916,0.47077850
5.61445601,-0.08822901,0.44410540
5.61779001,-0.07940916,0.46189760
5.62112401,-0.07058931,0.47077850
5.62445801,-0.07940916,0.47077850
5.62779201,-0.10586870,0.44410540
5.63112601,-0.09704886,0.45298620
5.63446001,-0.11468860,0.43519400
5.63779401,-0.07940916,0.47077850
5.64112801,-0.07940916,0.47077850
5.64446201,-0.07940916,0.46189760
5.64779601,-0.08822901,0.47077850
5.65113001,-0.10586870,0.44410540
5.65446401,-0.10586870,0.45298620
5.65779801,-0.10586870,0.44410540
5.66113201,-0.08822901,0.47077850
5.66446601,-0.08822901,0.47077850
5.66780001,-0.08822901,0.47077850
5.67113401,-0.10586870,0.44410540
5.67446801,-0.08822901,0.47077850
5.67780201,-0.10586870,0.45298620
5.68113601,-0.08822901,0.47077850
5.68447001,-0.08822901,0.46189760
5.68780401,-0.10586870,0.46189760
5.69113801,-0.10586870,0.45298620
5.69447201,-0.09704886,0.46189760
5.69780601,-0.09704886,0.46189760
5.70114001,-0.08822901,0.47077850
5.70447401,-0.11468860,0.45298620
5.70780801,-0.10586870,0.45298620
5.71114201,-0.13232830,0.43519400
5.71447601,-0.11468860,0.44410540
5.71781001,-0.11468860,0.45298620
5.72114401,-0.10586870,0.46189760
5.72447801,-0.10586870,0.46189760
5.72781201,-0.10586870,0.47077850
5.73114601,-0.11468860,0.46189760
5.73448001,-0.10586870,0.47077850
5.73781401,-0.12350840,0.45298620
5.74114801,-0.10586870,0.47077850
5.74448201,-0.11468860,0.45298620
5.74781601,-0.11468860,0.46189760
5.75115001,-0.12350840,0.44410540
5.75448401,-0.11468860,0.45298620
5.75781801,-0.10586870,0.47077850
5.76115201,-0.10586870,0.47077850
5.76448601,-0.10586870,0.47077850
5.76782001,-0.11468860,0.46189760
5.77115401,-0.12350840,0.45298620
5.77448801,-0.13232830,0.43519400
5.77782201,-0.13232830,0.44410540
5.78115601,-0.10586870,0.47077850
5.78449001,-0.14117860,0.43519400
5.78782401,-0.11468860,0.46189760
5.79115801,-0.14999850,0.42631310
5.79449201,-0.11468860,0.47077850
5.79782601,-0.12350840,0.45298620
5.80116001,-0.10586870,0.47077850
5.80449401,-0.11468860,0.46189760
5.80782801,-0.12350840,0.46189760
5.81116201,-0.14999850,0.42631310
5.81449601,-0.12350840,0.46189760
5.81783001,-0.11468860,0.47077850
5.82116401,-0.12350840,0.46189760
5.82449801,-0.12350840,0.46189760
5.82783201,-0.12350840,0.46189760
5.83116601,-0.14117860,0.43519400
5.83450001,-0.13232830,0.46189760
5.83783401,-0.14117860,0.44410540
5.84116801,-0.11468860,0.47077850
5.84450201,-0.14117860,0.45298620
5.84783601,-0.13232830,0.47077850
5.85117001,-0.14117860,0.44410540
5.85450401,-0.11468860,0.47077850
5.85783801,-0.13232830,0.45298620
5.86117201,-0.10586870,0.47965940
5.86450601,-0.13232830,0.45298620
5.86784001,-0.14117860,0.45298620
5.87117401,-0.14999850,0.43519400
5.87450801,-0.12350840,0.47077850
5.87784201,-0.11468860,0.47077850
5.88117601,-0.12350840,0.47077850
5.88451001,-0.14117860,0.45298620
5.88784401,-0.14117860,0.45298620
5.89117801,-0.14999850,0.43519400
5.89451201,-0.14117860,0.45298620
5.89784601,-0.12350840,0.47077850
5.90118001,-0.11468860,0.47077850
5.90451401,-0.12350840,0.46189760
5.90784801,-0.14117860,0.45298620
5.91118201,-0.14117860,0.45298620
5.91451601,-0.14117860,0.45298620
5.91785001,-0.13232830,0.46189760
5.92118401,-0.12350840,0.47077850
5.92451801,-0.11468860,0.47077850
5.92785201,-0.14117860,0.45298620
5.93118601,-0.15881830,0.43519400
5.93452001,-0.14999850,0.45298620
5.93785401,-0.13232830,0.46189760
5.94118801,-0.12350840,0.47077850
5.94452201,-0.14117860,0.44410540
5.94785601,-0.14117860,0.44410540
5.95119001,-0.14117860,0.45298620
5.95452401,-0.14117860,0.45298620
5.95785801,-0.12350840,0.47077850
5.96119201,-0.12350840,0.47077850
5.96452601,-0.13232830,0.46189760
5.96786001,-0.14999850,0.43519400
5.97119401,-0.14999850,0.44410540
5.97452801,-0.14117860,0.44410540
5.97786201,-0.11468860,0.47077850
5.98119601,-0.13232830,0.46189760
5.98453001,-0.10586870,0.48857080
5.98786401,-0.14117860,0.44410540
5.99119801,-0.14999850,0.43519400
5.99453201,-0.16763820,0.40852080
5.99786601,-0.14117860,0.45298620
6.00120001,-0.11468860,0.47077850
6.00453401,-0.12350840,0.47077850
6.00786801,-0.12350840,0.46189760
6.01120201,-0.14117860,0.43519400
6.01453601,-0.14999850,0.43519400
6.01787001,-0.14117860,0.44410540
6.02120401,-0.11468860,0.47077850
6.02453801,-0.13232830,0.44410540
6.02787201,-0.13232830,0.45298620
6.03120601,-0.13232830,0.44410540
6.03454001,-0.14117860,0.44410540
6.03787401,-0.11468860,0.47077850
6.04120801,-0.11468860,0.46189760
6.04454201,-0.12350840,0.46189760
6.04787601,-0.14117860,0.44410540
6.05121001,-0.13232830,0.45298620
6.05454401,-0.14117860,0.44410540
6.05787801,-0.11468860,0.47077850
6.06121201,-0.11468860,0.46189760
6.06454601,-0.11468860,0.47077850
6.06788001,-0.14117860,0.44410540
6.07121401,-0.11468860,0.46189760
6.07454801,-0.13232830,0.45298620
6.07788201,-0.12350840,0.45298620
6.08121601,-0.10586870,0.47077850
6.08455001,-0.11468860,0.46189760
6.08788401,-0.12350840,0.45298620
6.09121801,-0.13232830,0.44410540
6.09455201,-0.14117860,0.44410540
6.09788601,-0.11468860,0.46189760
6.10122001,-0.10586870,0.47077850
6.10455401,-0.11468860,0.45298620
6.10788801,-0.12350840,0.45298620
6.11122201,-0.14117860,0.43519400
6.11455602,-0.12350840,0.45298620
6.11789002,-0.11468860,0.46189760
6.12122402,-0.09704886,0.47077850
6.12455802,-0.11468860,0.45298620
6.12789202,-0.12350840,0.44410540
6.13122602,-0.12350840,0.44410540
6.13456002,-0.11468860,0.44410540
6.13789402,-0.10586870,0.46189760
6.14122802,-0.10586870,0.47077850
6.14456202,-0.10586870,0.46189760
6.14789602,-0.11468860,0.45298620
6.15123002,-0.12350840,0.44410540
6.15456402,-0.13232830,0.43519400
6.15789802,-0.10586870,0.46189760
6.16123202,-0.08822901,0.47077850
6.16456602,-0.11468860,0.44410540
6.16790002,-0.11468860,0.44410540
6.17123402,-0.11468860,0.45298620
6.17456802,-0.11468860,0.45298620
6.17790202,-0.10586870,0.46189760
6.18123602,-0.09704886,0.46189760
6.18457002,-0.10586870,0.45298620
6.18790402,-0.10586870,0.46189760
6.19123802,-0.11468860,0.44410540
6.19457202,-0.08822901,0.47077850
6.19790602,-0.08822901,0.47077850
6.20124002,-0.09704886,0.45298620
6.20457402,-0.09704886,0.44410540
6.20790802,-0.10586870,0.45298620
6.21124202,-0.10586870,0.44410540
6.21457602,-0.11468860,0.43519400
6.21791002,-0.09704886,0.45298620
6.22124402,-0.08822901,0.46189760
6.22457802,-0.09704886,0.44410540
6.22791202,-0.10586870,0.45298620
6.23124602,-0.09704886,0.44410540
6.23458002,-0.10586870,0.44410540
6.23791402,-0.09704886,0.45298620
6.24124802,-0.07940916,0.47077850
6.24458202,-0.08822901,0.45298620
6.24791602,-0.08822901,0.47077850
6.25125002,-0.10586870,0.43519400
6.25458402,-0.08822901,0.45298620
6.25791802,-0.07940916,0.45298620
6.26125202,-0.07940916,0.46189760
6.26458602,-0.07058931,0.47077850
6.26792002,-0.08822901,0.44410540
6.27125402,-0.09704886,0.43519400
6.27458802,-0.09704886,0.43519400
6.27792202,-0.07940916,0.46189760
6.28125602,-0.07940916,0.46189760
6.28459002,-0.07058931,0.46189760
6.28792402,-0.08822901,0.45298620
6.29125802,-0.08822901,0.44410540
6.29459202,-0.08822901,0.43519400
6.29792602,-0.07940916,0.44410540
6.30126002,-0.07058931,0.46189760
6.30459402,-0.05291910,0.47965940
6.30792802,-0.07940916,0.44410540
6.31126202,-0.07940916,0.44410540
6.31459602,-0.07940916,0.44410540
6.31793002,-0.06173895,0.45298620
6.32126402,-0.05291910,0.47077850
6.32459802,-0.05291910,0.47077850
6.32793202,-0.07940916,0.43519400
6.33126602,-0.07940916,0.43519400
6.33460002,-0.09704886,0.42631310
6.33793402,-0.05291910,0.46189760
6.34126802,-0.05291910,0.46189760
6.34460202,-0.04409925,0.47965940
6.34793602,-0.06173895,0.46189760
6.35127002,-0.08822901,0.42631310
6.35460402,-0.07940916,0.43519400
6.35793802,-0.06173895,0.45298620
6.36127202,-0.05291910,0.46189760
6.36460602,-0.07058931,0.44410540
6.36794002,-0.07058931,0.44410540
6.37127402,-0.07058931,0.44410540
6.37460802,-0.04409925,0.47077850
6.37794202,-0.03527940,0.47077850
6.38127602,-0.04409925,0.46189760
6.38461002,-0.05291910,0.45298620
6.38794402,-0.07940916,0.42631310
6.39127802,-0.06173895,0.44410540
6.39461202,-0.07058931,0.44410540
6.39794602,-0.03527940,0.47077850
6.40128002,-0.03527940,0.46189760
6.40461402,-0.03527940,0.47077850
6.40794802,-0.05291910,0.44410540
6.41128202,-0.07058931,0.43519400
6.41461602,-0.07058931,0.42631310
6.41795002,-0.05291910,0.45298620
6.42128402,-0.01763970,0.47077850
6.42461802,-0.03527940,0.46189760
6.42795202,-0.05291910,0.45298620
6.43128602,-0.05291910,0.43519400
6.43462002,-0.05291910,0.44410540
6.43795402,-0.03527940,0.46189760
6.44128802,-0.02645955,0.47077850
6.44462202,-0.01763970,0.47965940
6.44795602,-0.04409925,0.44410540
6.45129002,-0.05291910,0.43519400
6.45462402,-0.05291910,0.43519400
6.45795802,-0.02645955,0.47077850
6.46129202,-0.03527940,0.45298620
6.46462602,-0.03527940,0.45298620
6.46796002,-0.03527940,0.45298620
6.47129402,-0.03527940,0.44410540
6.47462802,-0.01763970,0.47077850
6.47796202,-0.02645955,0.46189760
6.48129602,-0.01763970,0.47077850
6.48463002,-0.03527940,0.44410540
6.48796402,-0.04409925,0.43519400
6.49129802,-0.04409925,0.42631310
6.49463202,-0.03527940,0.44410540
6.49796602,-0.00881985,0.47077850
6.50130002,-0.02645955,0.45298620
6.50463402,-0.00881985,0.47077850
6.50796802,-0.01763970,0.46189760
6.51130202,-0.03527940,0.43519400
6.51463602,-0.03527940,0.42631310
6.51797002,-0.02645955,0.45298620
6.52130402,-0.01763970,0.44410540
6.52463802,-0.00881985,0.47077850
6.52797202,-0.00881985,0.46189760
6.53130602,-0.00881985,0.46189760
6.53464002,-0.01763970,0.44410540
6.53797402,0.00000000,0.47077850
6.54130802,-0.01763970,0.44410540
6.54464202,0.00000000,0.47077850
6.54797602,-0.01763970,0.43519400
6.55131002,0.00000000,0.46189760
6.55464402,-0.02645955,0.43519400
6.55797802,0.00000000,0.47077850
6.56131202,0.00000000,0.46189760
6.56464602,-0.00881985,0.45298620
6.56798002,0.00000000,0.44410540
6.57131402,0.00000000,0.45298620
6.57464802,0.00881985,0.47077850
6.57798202,0.00881985,0.46189760
6.58131602,0.00881985,0.46189760
6.58465002,0.00000000,0.44410540
6.58798402,-0.01763970,0.42631310
6.59131802,-0.00881985,0.43519400
6.59465202,0.00881985,0.46189760
6.59798602,0.02645955,0.47077850
6.60132002,0.01763970,0.47077850
6.60465402,0.00000000,0.44410540
6.60798802,0.00000000,0.44410540
6.61132202,-0.01763970,0.42631310
6.61465602,0.00881985,0.45298620
6.61799002,0.00881985,0.44410540
6.62132402,0.01763970,0.46189760
6.62465802,0.02645955,0.47077850
6.62799202,0.01763970,0.46189760
6.63132602,0.00000000,0.43519400
6.63466002,0.00000000,0.44410540
6.63799402,0.00881985,0.45298620
6.64132802,0.02645955,0.47077850
6.64466202,0.03527940,0.47965940
6.64799602,0.00000000,0.44410540
6.65133002,0.01763970,0.46189760
6.65466402,0.01763970,0.45298620
6.65799802,0.03527940,0.47077850
6.66133202,0.03527940,0.47077850
6.66466602,0.02645955,0.45298620
6.66800002,0.00881985,0.44410540
6.67133402,0.00881985,0.43519400
6.67466802,0.01763970,0.45298620
6.67800202,0.02645955,0.46189760
6.68133602,0.03527940,0.47077850
6.68467002,0.02645955,0.45298620
6.68800402,0.03527940,0.47077850
6.69133802,0.01763970,0.44410540
6.69467202,0.01763970,0.45298620
6.69800602,0.02645955,0.45298620
6.70134002,0.03527940,0.46189760
6.70467402,0.05291910,0.47077850
6.70800802,0.03527940,0.46189760
6.71134202,0.02645955,0.44410540
6.71467602,0.03527940,0.45298620
6.71801002,0.06173895,0.47965940
6.72134402,0.05291910,0.47077850
6.72467802,0.05291910,0.47077850
6.72801202,0.02645955,0.43519400
6.73134602,0.03527940,0.44410540
6.73468002,0.04409925,0.46189760
6.73801402,0.05291910,0.46189760
6.74134802,0.06173895,0.47077850
6.74468202,0.04409925,0.45298620
6.74801602,0.03527940,0.44410540
6.75135002,0.03527940,0.43519400
6.75468402,0.05291910,0.46189760
6.75801802,0.04409925,0.45298620
6.76135202,0.06173895,0.47077850
6.76468602,0.03527940,0.44410540
6.76802002,0.05291910,0.46189760
6.77135402,0.05291910,0.45298620
6.77468802,0.05291910,0.45298620
6.77802202,0.06173895,0.46189760
6.78135602,0.07058931,0.47077850
6.78469002,0.05291910,0.45298620
6.78802402,0.06173895,0.46189760
6.79135802,0.05291910,0.44410540
6.79469202,0.05291910,0.46189760
6.79802602,0.06173895,0.46189760
6.80136002,0.07058931,0.47077850
6.80469402,0.06173895,0.45298620
6.80802802,0.06173895,0.46189760
6.81136202,0.05291910,0.45298620
6.81469602,0.05291910,0.46189760
6.81803002,0.05291910,0.45298620
6.82136402,0.07058931,0.47077850
6.82469802,0.05291910,0.45298620
6.82803202,0.05291910,0.45298620
6.83136602,0.05291910,0.43519400
6.83470002,0.07940916,0.47965940
6.83803402,0.07058931,0.46189760
6.84136802,0.07058931,0.46189760
6.84470202,0.06173895,0.46189760
6.84803602,0.04409925,0.43519400
6.85137002,0.05291910,0.44410540
6.85470402,0.06173895,0.45298620
6.85803802,0.08822901,0.47965940
6.86137202,0.08822901,0.47077850
6.86470602,0.08822901,0.47965940
6.86804002,0.06173895,0.45298620
6.87137402,0.06173895,0.45298620
6.87470802,0.05291910,0.43519400
6.87804202,0.07058931,0.46189760
6.88137602,0.07940916,0.47077850
6.88471002,0.08822901,0.47077850
6.88804402,0.06173895,0.44410540
6.89137802,0.05291910,0.44410540
6.89471202,0.05291910,0.43519400
6.89804602,0.07940916,0.47077850
6.90138002,0.07058931,0.46189760
6.90471402,0.07940916,0.47077850
6.90804802,0.06173895,0.44410540
6.91138202,0.05291910,0.44410540
6.91471602,0.06173895,0.44410540
6.91805002,0.08822901,0.47077850
6.92138402,0.07940916,0.47077850
6.92471802,0.09704886,0.47965940
6.92805202,0.06173895,0.44410540
6.93138602,0.05291910,0.44410540
6.93472002,0.05291910,0.43519400
6.93805402,0.07940916,0.47077850
6.94138802,0.08822901,0.47077850
6.94472202,0.09704886,0.47965940
6.94805602,0.07058931,0.45298620
6.95139002,0.06173895,0.44410540
6.95472402,0.06173895,0.44410540
6.95805802,0.07058931,0.45298620
6.96139202,0.09704886,0.48857080
6.96472602,0.07940916,0.47077850
6.96806002,0.05291910,0.43519400
6.97139402,0.05291910,0.44410540
6.97472802,0.05291910,0.45298620
6.97806202,0.07940916,0.47965940
6.98139602,0.07058931,0.47077850
6.98473002,0.07058931,0.47077850
6.98806402,0.04409925,0.44410540
6.99139802,0.06173895,0.46189760
6.99473202,0.04409925,0.43519400
6.99806602,0.07058931,0.47077850
7.00140002,0.06173895,0.46189760
7.00473402,0.07940916,0.47965940
7.00806802,0.05291910,0.46189760
7.01140202,0.06173895,0.45298620
7.01473602,0.05291910,0.45298620
7.01807002,0.07058931,0.47077850
7.02140402,0.06173895,0.47077850
7.02473802,0.07058931,0.47077850
7.02807202,0.05291910,0.46189760
7.03140602,0.04409925,0.45298620
7.03474002,0.05291910,0.45298620
7.03807402,0.07058931,0.47965940
7.04140802,0.07058931,0.47077850
7.04474202,0.05291910,0.46189760
7.04807602,0.04409925,0.44410540
7.05141002,0.04409925,0.45298620
7.05474402,0.03527940,0.43519400
7.05807802,0.06173895,0.47077850
7.06141202,0.07058931,0.47077850
7.06474602,0.07058931,0.47965940
7.06808002,0.05291910,0.46189760
7.07141402,0.06173895,0.47077850
7.07474802,0.05291910,0.45298620
7.07808202,0.05291910,0.47077850
7.08141602,0.06173895,0.47077850
7.08475002,0.06173895,0.47077850
7.08808402,0.03527940,0.44410540
7.09141802,0.03527940,0.44410540
7.09475202,0.04409925,0.46189760
7.09808602,0.06173895,0.47077850
7.10142002,0.05291910,0.47077850
7.10475402,0.04409925,0.46189760
7.10808802,0.02645955,0.43519400
7.11142202,0.02645955,0.44410540
7.11475602,0.02645955,0.44410540
7.11809002,0.06173895,0.47965940
7.12142402,0.06173895,0.48857080
7.12475802,0.03527940,0.46189760
7.12809202,0.03527940,0.45298620
7.13142602,0.02645955,0.44410540
7.13476002,0.04409925,0.47077850
7.13809402,0.03527940,0.47077850
7.14142802,0.03527940,0.46189760
7.14476202,0.02645955,0.45298620
7.14809602,0.03527940,0.47077850
7.15143002,0.02645955,0.45298620
7.15476402,0.04409925,0.47077850
7.15809802,0.03527940,0.47077850
7.16143202,0.03527940,0.47077850
7.16476602,0.02645955,0.45298620
7.16810002,0.01763970,0.45298620
7.17143402,0.00000000,0.42631310
7.17476802,0.03527940,0.47077850
7.17810202,0.03527940,0.47965940
7.18143602,0.01763970,0.45298620
7.18477002,0.01763970,0.45298620
7.18810402,0.01763970,0.46189760
7.19143802,0.00000000,0.44410540
7.19477202,0.01763970,0.46189760
7.19810602,0.02645955,0.47077850
7.20144002,0.02645955,0.47077850
7.20477402,0.00881985,0.45298620
7.20810802,0.01763970,0.46189760
7.21144202,0.00000000,0.43519400
7.21477602,0.01763970,0.47077850
7.21811002,0.01763970,0.47077850
7.22144402,0.01763970,0.47077850
7.22477802,0.00000000,0.44410540
7.22811202,0.00000000,0.45298620
7.23144602,-0.01763970,0.43519400
7.23478002,0.01763970,0.47077850
7.23811402,0.02645955,0.47077850
7.24144802,0.00881985,0.45298620
7.24478202,0.00000000,0.44410540
7.24811602,0.00000000,0.45298620
7.25145002,-0.00881985,0.43519400
7.25478402,0.00000000,0.46189760
7.25811802,0.01763970,0.47077850
7.26145202,0.00881985,0.47077850
7.26478602,0.00000000,0.45298620
7.26812002,0.00000000,0.46189760
7.27145402,-0.00881985,0.45298620
7.27478802,0.00000000,0.46189760
7.27812202,-0.00881985,0.45298620
7.28145602,0.00000000,0.47077850
7.28479002,0.00000000,0.47077850
7.28812402,0.00000000,0.47077850
7.29145802,-0.01763970,0.45298620
7.29479202,-0.00881985,0.45298620
7.29812602,-0.00881985,0.45298620
7.30146002,0.00000000,0.47077850
7.30479402,0.00000000,0.47077850
7.30812802,-0.02645955,0.44410540
7.31146202,-0.00881985,0.46189760
7.31479602,-0.03527940,0.43519400
7.31813002,-0.00881985,0.47077850
7.32146402,0.00000000,0.47965940
7.32479802,-0.00881985,0.46189760
7.32813202,-0.01763970,0.46189760
7.33146602,-0.02645955,0.44410540
7.33480002,-0.01763970,0.47077850
7.33813402,-0.01763970,0.46189760
7.34146802,-0.00881985,0.47077850
7.34480202,-0.02645955,0.45298620
7.34813602,-0.02645955,0.45298620
7.35147002,-0.03527940,0.44410540
7.35480402,-0.00881985,0.48857080
7.35813802,-0.01763970,0.47077850
7.36147202,-0.01763970,0.47077850
7.36480602,-0.03527940,0.46189760
7.36814002,-0.03527940,0.44410540
7.37147402,-0.03527940,0.45298620
7.37480802,-0.03527940,0.45298620
7.37814202,-0.01763970,0.47077850
7.38147602,-0.02645955,0.46189760
7.38481002,-0.01763970,0.47077850
7.38814402,-0.03527940,0.46189760
7.39147802,-0.04409925,0.45298620
7.39481202,-0.05291910,0.43519400
7.39814602,-0.03527940,0.45298620
7.40148002,-0.03527940,0.46189760
7.40481402,-0.03527940,0.47077850
7.40814802,-0.03527940,0.46189760
7.41148202,-0.05291910,0.44410540
7.41481602,-0.03527940,0.46189760
7.41815002,-0.03527940,0.46189760
7.42148402,-0.02645955,0.47077850
7.42481802,-0.05291910,0.44410540
7.42815202,-0.04409925,0.46189760
7.43148602,-0.03527940,0.47077850
7.43482002,-0.04409925,0.45298620
7.43815402,-0.03527940,0.46189760
7.44148802,-0.03527940,0.47077850
7.44482202,-0.05291910,0.44410540
7.44815602,-0.06173895,0.43519400
7.45149002,-0.06173895,0.44410540
7.45482402,-0.04409925,0.47077850
7.45815802,-0.04409925,0.46189760
7.46149202,-0.04409925,0.47077850
7.46482602,-0.05291910,0.44410540
7.46816002,-0.06173895,0.45298620
7.47149402,-0.07058931,0.44410540
7.47482802,-0.05291910,0.46189760
7.47816202,-0.06173895,0.46189760
7.48149602,-0.04409925,0.47077850
7.48483002,-0.07058931,0.45298620
7.48816402,-0.07058931,0.43519400
7.49149802,-0.07058931,0.43519400
7.49483202,-0.05291910,0.47077850
7.49816602,-0.05291910,0.47077850
7.50150002,-0.05291910,0.47077850
7.50483402,-0.05291910,0.47077850
7.50816802,-0.07940916,0.43519400
7.51150202,-0.08822901,0.43519400
7.51483602,-0.07940916,0.44410540
7.51817002,-0.05291910,0.47077850
7.52150402,-0.06173895,0.47077850
7.52483802,-0.06173895,0.47077850
7.52817202,-0.07940916,0.44410540
7.53150602,-0.08822901,0.43519400
7.53484002,-0.08822901,0.43519400
7.53817402,-0.07058931,0.45298620
7.54150802,-0.07058931,0.46189760
7.54484202,-0.07058931,0.46189760
7.54817602,-0.07058931,0.46189760
7.55151002,-0.07940916,0.45298620
7.55484402,-0.07058931,0.46189760
7.55817802,-0.07940916,0.45298620
7.56151202,-0.07940916,0.45298620
7.56484602,-0.08822901,0.44410540
7.56818002,-0.08822901,0.44410540
7.57151402,-0.09704886,0.43519400
7.57484802,-0.07058931,0.47077850
7.57818202,-0.07940916,0.46189760
7.58151602,-0.05291910,0.48857080
7.58485002,-0.08822901,0.45298620
7.58818402,-0.09704886,0.44410540
7.59151802,-0.10586870,0.44410540
7.59485202,-0.08822901,0.46189760
7.59818602,-0.08822901,0.45298620
7.60152002,-0.07940916,0.46189760
7.60485402,-0.08822901,0.45298620
7.60818802,-0.08822901,0.45298620
7.61152202,-0.09704886,0.45298620
7.61485602,-0.08822901,0.46189760
7.61819002,-0.08822901,0.45298620
7.62152402,-0.08822901,0.46189760
7.62485802,-0.10586870,0.44410540
7.62819202,-0.09704886,0.45298620
7.63152602,-0.11468860,0.43519400
7.63486002,-0.07940916,0.47077850
7.63819402,-0.10586870,0.45298620
7.64152802,-0.09704886,0.45298620
7.64486202,-0.09704886,0.45298620
7.64819602,-0.10586870,0.45298620
7.65153002,-0.12350840,0.43519400
7.65486402,-0.10586870,0.45298620
7.65819802,-0.10586870,0.45298620
7.66153202,-0.10586870,0.46189760
7.66486602,-0.11468860,0.43519400
7.66820002,-0.10586870,0.45298620
7.67153402,-0.11468860,0.43519400
7.67486802,-0.10586870,0.45298620
7.67820202,-0.09704886,0.46189760
7.68153602,-0.08822901,0.47077850
7.68487002,-0.10586870,0.47077850
7.68820402,-0.12350840,0.43519400
7.69153802,-0.11468860,0.44410540
7.69487202,-0.10586870,0.46189760
7.69820602,-0.10586870,0.46189760
7.70154002,-0.12350840,0.43519400
7.70487402,-0.12350840,0.43519400
7.70820802,-0.11468860,0.45298620
7.71154202,-0.13232830,0.43519400
7.71487602,-0.13232830,0.43519400
7.71821002,-0.10586870,0.47077850
7.72154402,-0.09704886,0.47077850
7.72487802,-0.10586870,0.47077850
7.72821202,-0.11468860,0.46189760
7.73154602,-0.14117860,0.43519400
7.73488002,-0.10586870,0.47077850
7.73821402,-0.10586870,0.46189760
7.74154802,-0.10586870,0.47077850
7.74488202,-0.11468860,0.46189760
7.74821602,-0.14117860,0.43519400
7.75155002,-0.13232830,0.44410540
7.75488402,-0.11468860,0.46189760
7.75821802,-0.11468860,0.46189760
7.76155202,-0.11468860,0.46189760
7.76488602,-0.12350840,0.45298620
7.76822002,-0.13232830,0.45298620
7.77155402,-0.14117860,0.43519400
7.77488802,-0.13232830,0.45298620
7.77822202,-0.11468860,0.46189760
7.78155602,-0.12350840,0.46189760
7.78489002,-0.09704886,0.48857080
7.78822402,-0.14117860,0.44410540
7.79155802,-0.14117860,0.44410540
7.79489202,-0.14117860,0.43519400
7.79822602,-0.13232830,0.45298620
7.80156002,-0.12350840,0.46189760
7.80489402,-0.14117860,0.43519400
7.80822802,-0.13232830,0.44410540
7.81156202,-0.14117860,0.44410540
7.81489602,-0.12350840,0.45298620
7.81823002,-0.12350840,0.46189760
7.82156402,-0.12350840,0.46189760
7.82489802,-0.14117860,0.44410540
7.82823202,-0.14117860,0.45298620
7.83156602,-0.14117860,0.43519400
7.83490002,-0.13232830,0.46189760
7.83823402,-0.11468860,0.46189760
7.84156802,-0.12350840,0.46189760
7.84490202,-0.12350840,0.47077850
7.84823602,-0.13232830,0.45298620
7.85157002,-0.13232830,0.46189760
7.85490402,-0.14117860,0.44410540
7.85823802,-0.13232830,0.45298620
7.86157202,-0.12350840,0.46189760
7.86490602,-0.14117860,0.45298620
7.86824002,-0.14117860,0.44410540
7.87157402,-0.14117860,0.45298620
7.87490802,-0.14117860,0.45298620
7.87824202,-0.13232830,0.45298620
7.88157602,-0.12350840,0.46189760
7.88491002,-0.14999850,0.43519400
7.88824402,-0.14999850,0.43519400
7.89157802,-0.13232830,0.46189760
7.89491202,-0.14117860,0.44410540
7.89824602,-0.13232830,0.46189760
7.90158002,-0.14117860,0.45298620
7.90491402,-0.12350840,0.47077850
7.90824802,-0.14117860,0.44410540
7.91158202,-0.14117860,0.44410540
7.91491602,-0.14117860,0.45298620
7.91825002,-0.14117860,0.44410540
7.92158402,-0.13232830,0.45298620
7.92491802,-0.12350840,0.47077850
7.92825202,-0.14117860,0.45298620
7.93158602,-0.14999850,0.43519400
7.93492002,-0.11468860,0.47077850
7.93825402,-0.13232830,0.45298620
7.94158802,-0.12350840,0.46189760
7.94492202,-0.12350840,0.47077850
7.94825602,-0.13232830,0.45298620
7.95159002,-0.13232830,0.45298620
7.95492402,-0.11468860,0.47077850
7.95825802,-0.11468860,0.46189760
7.96159202,-0.11468860,0.47077850
7.96492602,-0.11468860,0.47077850
7.96826002,-0.13232830,0.45298620
7.97159402,-0.14999850,0.42631310
7.97492802,-0.12350840,0.46189760
7.97826202,-0.12350840,0.45298620
7.98159602,-0.11468860,0.46189760
7.98493002,-0.12350840,0.45298620
7.98826402,-0.12350840,0.46189760
7.99159802,-0.14117860,0.43519400
7.99493202,-0.14117860,0.44410540
7.99826602,-0.12350840,0.46189760
8.00160002,-0.11468860,0.46189760
8.00493402,-0.14117860,0.43519400
8.00826802,-0.13232830,0.44410540
8.01160202,-0.14117860,0.43519400
8.01493602,-0.12350840,0.44410540
8.01827002,-0.10586870,0.47077850
8.02160402,-0.11468860,0.47077850
8.02493802,-0.14117860,0.43519400
8.02827202,-0.13232830,0.44410540
8.03160602,-0.14117860,0.43519400
8.03494002,-0.14117860,0.43519400
8.03827402,-0.10586870,0.47077850
8.04160802,-0.10586870,0.46189760
8.04494202,-0.11468860,0.45298620
8.04827602,-0.13232830,0.44410540
8.05161002,-0.13232830,0.45298620
8.05494402,-0.11468860,0.46189760
8.05827802,-0.12350840,0.45298620
8.06161202,-0.10586870,0.46189760
8.06494602,-0.11468860,0.46189760
8.06828002,-0.12350840,0.44410540
8.07161402,-0.12350840,0.43519400
8.07494802,-0.10586870,0.47077850
8.07828202,-0.10586870,0.46189760
8.08161602,-0.10586870,0.46189760
8.08495002,-0.14117860,0.42631310
8.08828402,-0.12350840,0.44410540
8.09161802,-0.12350840,0.43519400
8.09495202,-0.13232830,0.43519400
8.09828602,-0.10586870,0.46189760
8.10162002,-0.09704886,0.47077850
8.10495402,-0.10586870,0.47077850
8.10828802,-0.11468860,0.44410540
8.11162202,-0.12350840,0.43519400
8.11495602,-0.10586870,0.46189760
8.11829002,-0.10586870,0.45298620
8.12162402,-0.09704886,0.47077850
8.12495802,-0.10586870,0.45298620
8.12829202,-0.10586870,0.45298620
8.13162602,-0.12350840,0.43519400
8.13496002,-0.12350840,0.43519400
8.13829402,-0.10586870,0.46189760
8.14162802,-0.08822901,0.47077850
8.14496202,-0.09704886,0.45298620
8.14829602,-0.11468860,0.43519400
8.15163002,-0.11468860,0.43519400
8.15496402,-0.09704886,0.46189760
8.15829802,-0.08822901,0.47077850
8.16163202,-0.09704886,0.46189760
8.16496602,-0.08822901,0.46189760
8.16830002,-0.10586870,0.44410540
8.17163402,-0.10586870,0.44410540
8.17496802,-0.12350840,0.42631310
8.17830202,-0.08822901,0.46189760
8.18163602,-0.07058931,0.47965940
8.18497002,-0.08822901,0.46189760
8.18830402,-0.09704886,0.46189760
8.19163802,-0.10586870,0.44410540
8.19497202,-0.08822901,0.47077850
8.19830602,-0.08822901,0.46189760
8.20164002,-0.07058931,0.47077850
8.20497402,-0.08822901,0.46189760
8.20830802,-0.10586870,0.43519400
8.21164202,-0.09704886,0.44410540
8.21497602,-0.10586870,0.43519400
8.21831002,-0.07940916,0.46189760
8.22164402,-0.08822901,0.45298620
8.22497802,-0.08822901,0.44410540
8.22831202,-0.08822901,0.45298620
8.23164602,-0.10586870,0.42631310
8.23498002,-0.09704886,0.44410540
8.23831402,-0.06173895,0.47077850
8.24164802,-0.06173895,0.47077850
8.24498202,-0.07058931,0.47077850
8.24831602,-0.07058931,0.46189760
8.25165002,-0.09704886,0.43519400
8.25498402,-0.06173895,0.47077850
8.25831802,-0.07058931,0.46189760
8.26165202,-0.07058931,0.46189760
8.26498602,-0.08822901,0.43519400
8.26832002,-0.07940916,0.45298620
8.27165402,-0.07940916,0.45298620
8.27498802,-0.07058931,0.46189760
8.27832202,-0.06173895,0.47077850
8.28165602,-0.07058931,0.46189760
8.28499002,-0.06173895,0.47077850
8.28832402,-0.07940916,0.44410540
8.29165802,-0.06173895,0.46189760
8.29499202,-0.05291910,0.47077850
8.29832602,-0.05291910,0.47077850
8.30166002,-0.05291910,0.47077850
8.30499402,-0.07058931,0.45298620
8.30832802,-0.07058931,0.44410540
8.31166202,-0.07058931,0.45298620
8.31499602,-0.07058931,0.44410540
8.31833002,-0.06173895,0.45298620
8.32166402,-0.05291910,0.47077850
8.32499802,-0.07058931,0.44410540
8.32833202,-0.06173895,0.46189760
8.33166602,-0.06173895,0.45298620
8.33500002,-0.05291910,0.46189760
8.33833402,-0.04409925,0.47077850
8.34166802,-0.05291910,0.47077850
8.34500202,-0.04409925,0.47077850
8.34833602,-0.06173895,0.45298620
8.35167002,-0.07058931,0.44410540
8.35500402,-0.06173895,0.45298620
8.35833802,-0.04409925,0.47077850
8.36167202,-0.04409925,0.47077850
8.36500602,-0.05291910,0.45298620
8.36834002,-0.05291910,0.45298620
8.37167402,-0.06173895,0.44410540
8.37500802,-0.06173895,0.43519400
8.37834202,-0.04409925,0.46189760
8.38167602,-0.03527940,0.47077850
8.38501002,-0.03527940,0.47077850
8.38834402,-0.04409925,0.45298620
8.39167802,-0.06173895,0.43519400
8.39501202,-0.04409925,0.45298620
8.39834602,-0.03527940,0.47077850
8.40168002,-0.04409925,0.45298620
8.40501402,-0.04409925,0.44410540
8.40834802,-0.05291910,0.43519400
8.41168202,-0.03527940,0.46189760
8.41501602,-0.03527940,0.46189760
8.41835002,-0.03527940,0.46189760
8.42168402,-0.01763970,0.47077850
8.42501802,-0.03527940,0.46189760
8.42835202,-0.03527940,0.46189760
8.43168602,-0.05291910,0.43519400
8.43502002,-0.04409925,0.43519400
8.43835402,-0.03527940,0.46189760
8.44168802,-0.01763970,0.47077850
8.44502202,-0.03527940,0.45298620
8.44835602,-0.03527940,0.45298620
8.45169002,-0.03527940,0.45298620
8.45502402,-0.01763970,0.47077850
8.45835802,-0.01763970,0.46189760
8.46169202,-0.01763970,0.47077850
8.46502602,-0.03527940,0.44410540
8.46836002,-0.03527940,0.44410540
8.47169402,-0.03527940,0.44410540
8.47502802,-0.01763970,0.46189760
8.47836202,-0.00881985,0.46189760
8.48169602,-0.02645955,0.45298620
8.48503002,-0.01763970,0.45298620
8.48836402,-0.01763970,0.45298620
8.49169802,-0.01763970,0.46189760
8.49503202,-0.00881985,0.45298620
8.49836602,-0.00881985,0.47077850
8.50170002,0.00000000,0.47077850
8.50503402,0.00000000,0.46189760
8.50836802,-0.00881985,0.45298620
8.51170202,-0.01763970,0.45298620
8.51503602,-0.02645955,0.44410540
8.51837002,-0.00881985,0.46189760
8.52170402,0.00000000,0.47077850
8.52503802,0.00000000,0.47077850
8.52837202,-0.01763970,0.45298620
8.53170602,-0.01763970,0.44410540
8.53504002,-0.00881985,0.45298620
8.53837402,0.01763970,0.47965940
8.54170802,0.01763970,0.47965940
8.54504202,0.00881985,0.47077850
8.54837602,-0.00881985,0.44410540
8.55171002,0.00000000,0.45298620
8.55504402,-0.00881985,0.43519400
8.55837802,0.00881985,0.46189760
8.56171202,0.01763970,0.47077850
8.56504602,0.01763970,0.47077850
8.56838002,0.00000000,0.44410540
8.57171402,0.00000000,0.45298620
8.57504802,0.00881985,0.46189760
8.57838202,0.00881985,0.45298620
8.58171602,0.01763970,0.46189760
8.58505002,0.01763970,0.47077850
8.58838402,0.00000000,0.44410540
8.59171802,0.00000000,0.45298620
8.59505202,0.01763970,0.45298620
8.59838602,0.02645955,0.47077850
8.60172002,0.02645955,0.47077850
8.60505402,0.01763970,0.46189760
8.60838802,0.00881985,0.45298620
8.61172202,0.02645955,0.47077850
8.61505602,0.00000000,0.43519400
8.61839002,0.02645955,0.46189760
8.62172402,0.02645955,0.46189760
8.62505802,0.02645955,0.47077850
8.62839202,0.01763970,0.46189760
8.63172602,0.00000000,0.43519400
8.63506002,0.01763970,0.44410540
8.63839402,0.02645955,0.46189760
8.64172802,0.03527940,0.47077850
8.64506202,0.03527940,0.47077850
8.64839602,0.01763970,0.45298620
8.65173002,0.00881985,0.43519400
8.65506402,0.02645955,0.45298620
8.65839802,0.05291910,0.47965940
8.66173202,0.03527940,0.46189760
8.66506602,0.05291910,0.48857080
8.66840002,0.02645955,0.44410540
8.67173402,0.02645955,0.43519400
8.67506802,0.03527940,0.45298620
8.67840202,0.05291910,0.47077850
8.68173602,0.03527940,0.46189760
8.68507002,0.04409925,0.47077850
8.68840402,0.03527940,0.45298620
8.69173802,0.04409925,0.47077850
8.69507202,0.02645955,0.44410540
8.69840602,0.04409925,0.47077850
8.70174002,0.06173895,0.47077850
8.70507402,0.04409925,0.45298620
8.70840802,0.04409925,0.45298620
8.71174202,0.04409925,0.45298620
8.71507602,0.04409925,0.45298620
8.71841002,0.05291910,0.46189760
8.72174402,0.06173895,0.47077850
8.72507802,0.05291910,0.45298620
8.72841202,0.05291910,0.45298620
8.73174602,0.05291910,0.46189760
8.73508002,0.07058931,0.47077850
8.73841402,0.07058931,0.47077850
8.74174802,0.06173895,0.46189760
8.74508202,0.06173895,0.46189760
8.74841602,0.05291910,0.45298620
8.75175002,0.05291910,0.45298620
8.75508402,0.05291910,0.44410540
8.75841802,0.07058931,0.47077850
8.76175202,0.07058931,0.47077850
8.76508602,0.06173895,0.46189760
8.76842002,0.05291910,0.45298620
8.77175402,0.05291910,0.45298620
8.77508802,0.06173895,0.46189760
8.77842202,0.06173895,0.46189760
8.78175602,0.06173895,0.46189760
8.78509002,0.03527940,0.43519400
8.78842402,0.06173895,0.46189760
8.79175802,0.05291910,0.44410540
8.79509202,0.07058931,0.47077850
8.79842602,0.07058931,0.47077850
8.80176002,0.07058931,0.47077850
8.80509402,0.06173895,0.44410540
8.80842802,0.06173895,0.45298620
8.81176202,0.05291910,0.44410540
8.81509602,0.06173895,0.45298620
8.81843002,0.07058931,0.47077850
8.82176402,0.07058931,0.46189760
8.82509802,0.07940916,0.47077850
8.82843202,0.06173895,0.45298620
8.83176602,0.06173895,0.44410540
8.83510002,0.05291910,0.44410540
8.83843402,0.07940916,0.47077850
8.84176802,0.07058931,0.47077850
8.84510202,0.07940916,0.47965940
8.84843602,0.07058931,0.45298620
8.85177002,0.05291910,0.44410540
8.85510402,0.06173895,0.45298620
8.85843802,0.07058931,0.45298620
8.86177202,0.08822901,0.47965940
8.86510602,0.07058931,0.45298620
8.86844002,0.06173895,0.44410540
8.87177402,0.06173895,0.44410540
8.87510802,0.08822901,0.47965940
8.87844202,0.08822901,0.47077850
8.88177602,0.09704886,0.48857080
8.88511002,0.07058931,0.45298620
8.88844402,0.06173895,0.44410540
8.89177802,0.07940916,0.47077850
8.89511202,0.08822901,0.47965940
8.89844602,0.07940916,0.47077850
8.90178002,0.08822901,0.47965940
8.90511402,0.07058931,0.45298620
8.90844802,0.07058931,0.45298620
8.91178202,0.06173895,0.44410540
8.91511602,0.08822901,0.47077850
8.91845002,0.07058931,0.46189760
8.92178402,0.07058931,0.46189760
8.92511802,0.07058931,0.46189760
8.92845202,0.06173895,0.45298620
8.93178602,0.04409925,0.43519400
8.93512002,0.07058931,0.46189760
8.93845402,0.07940916,0.47077850
8.94178802,0.08822901,0.47965940
8.94512202,0.05291910,0.44410540
8.94845602,0.05291910,0.45298620
8.95179002,0.05291910,0.45298620
8.95512402,0.07058931,0.47077850
8.95845802,0.07940916,0.47965940
8.96179202,0.07058931,0.47077850
8.96512602,0.07058931,0.46189760
8.96846002,0.05291910,0.45298620
8.97179402,0.03527940,0.43519400
8.97512802,0.05291910,0.45298620
8.97846202,0.07058931,0.47077850
8.98179602,0.05291910,0.45298620
8.98513002,0.07058931,0.47077850
8.98846402,0.05291910,0.46189760
8.99179802,0.03527940,0.44410540
8.99513202,0.04409925,0.45298620
8.99846602,0.05291910,0.46189760
9.00180002,0.06173895,0.46189760
9.00513402,0.04409925,0.44410540
9.00846802,0.04409925,0.45298620
9.01180202,0.05291910,0.46189760
9.01513602,0.07058931,0.47965940
9.01847002,0.06173895,0.46189760
9.02180402,0.07058931,0.47077850
9.02513802,0.03527940,0.43519400
9.02847202,0.04409925,0.45298620
9.03180602,0.03527940,0.44410540
9.03514002,0.05291910,0.46189760
9.03847402,0.06173895,0.47077850
9.04180802,0.05291910,0.46189760
9.04514202,0.07058931,0.47965940
9.04847602,0.04409925,0.45298620
9.05181002,0.02645955,0.43519400
9.05514402,0.02645955,0.42631310
9.05847802,0.06173895,0.47077850
9.06181202,0.07058931,0.47965940
9.06514602,0.05291910,0.47077850
9.06848002,0.04409925,0.45298620
9.07181402,0.03527940,0.44410540
9.07514802,0.03527940,0.45298620
9.07848202,0.04409925,0.46189760
9.08181602,0.06173895,0.48857080
9.08515002,0.02645955,0.43519400
9.08848402,0.03527940,0.45298620
9.09181802,0.03527940,0.45298620
9.09515202,0.04409925,0.47077850
9.09848602,0.03527940,0.46189760
9.10182002,0.03527940,0.47077850
9.10515402,0.02645955,0.44410540
9.10848802,0.02645955,0.45298620
9.11182202,0.01763970,0.43519400
9.11515602,0.02645955,0.45298620
9.11849002,0.04409925,0.47077850
9.12182402,0.04409925,0.47077850
9.12515802,0.02645955,0.45298620
9.12849202,0.01763970,0.44410540
9.13182602,0.00881985,0.43519400
9.13516002,0.01763970,0.45298620
9.13849402,0.02645955,0.46189760
9.14182802,0.01763970,0.44410540
9.14516202,0.04409925,0.47965940
9.14849602,0.01763970,0.45298620
9.15183002,0.00881985,0.44410540
9.15516402,0.00000000,0.43519400
9.15849802,0.01763970,0.46189760
9.16183202,0.02645955,0.47077850
9.16516602,0.02645955,0.47077850
9.16850002,0.00881985,0.45298620
9.17183402,0.01763970,0.46189760
9.17516802,0.00000000,0.44410540
9.17850202,0.00881985,0.45298620
9.18183602,0.02645955,0.47077850
9.18517002,0.01763970,0.46189760
9.18850402,0.00000000,0.44410540
9.19183802,0.00000000,0.44410540
9.19517202,0.00881985,0.45298620
9.19850602,0.01763970,0.47077850
9.20184002,0.01763970,0.46189760
9.20517402,0.00000000,0.43519400
9.20850802,0.00000000,0.45298620
9.21184202,0.00881985,0.46189760
9.21517602,0.02645955,0.47965940
9.21851002,0.00881985,0.46189760
9.22184402,0.00881985,0.46189760
9.22517802,0.00000000,0.44410540
9.22851202,0.00000000,0.45298620
9.23184602,-0.00881985,0.43519400
9.23518002,0.00000000,0.46189760
9.23851402,0.00000000,0.45298620
9.24184802,0.00000000,0.46189760
9.24518202,-0.01763970,0.43519400
9.24851602,0.00000000,0.46189760
9.25185002,-0.01763970,0.43519400
9.25518402,0.00000000,0.47077850
9.25851802,-0.00881985,0.45298620
9.26185202,0.00881985,0.47077850
9.26518602,-0.01763970,0.43519400
9.26852002,-0.01763970,0.44410540
9.27185402,-0.03527940,0.43519400
9.27518802,-0.00881985,0.46189760
9.27852202,-0.00881985,0.46189760
9.28185602,0.00881985,0.47965940
9.28519002,-0.02645955,0.44410540
9.28852402,-0.02645955,0.44410540
9.29185802,-0.03527940,0.43519400
9.29519202,-0.02645955,0.45298620
9.29852602,-0.00881985,0.46189760
9.30186002,-0.00881985,0.47077850
9.30519402,-0.02645955,0.44410540
9.30852802,-0.01763970,0.45298620
9.31186202,-0.03527940,0.44410540
9.31519602,-0.01763970,0.47077850
9.31853002,-0.02645955,0.45298620
9.32186402,-0.01763970,0.46189760
9.32519802,-0.03527940,0.45298620
